title,realtitle,href,date
b'\xe7\x9b\x97\xe5\xa2\x93\xe7\xac\x94\xe8\xae\xb01\xe4\xb8\x83\xe6\x98\x9f\xe9\xb2\x81\xe7\x8e\x8b\xe5\xae\xab',b'\xe4\xb8\x83\xe6\x98\x9f\xe9\xb2\x81\xe7\x8e\x8b \xe7\xac\xac\xe4\xb8\x80\xe7\xab\xa0 \xe8\xa1\x80\xe5\xb0\xb8',b'http://seputu.com/biji1/1.html',b'2012-5-19 3:3:52'
b'\xe7\x9b\x97\xe5\xa2\x93\xe7\xac\x94\xe8\xae\xb01\xe4\xb8\x83\xe6\x98\x9f\xe9\xb2\x81\xe7\x8e\x8b\xe5\xae\xab',b'\xe4\xb8\x83\xe6\x98\x9f\xe9\xb2\x81\xe7\x8e\x8b \xe7\xac\xac\xe4\xba\x8c\xe7\xab\xa0 \xe4\xba\x94\xe5\x8d\x81\xe5\xb9\xb4\xe5\x90\x8e',b'http://seputu.com/biji1/2.html',b'2012-5-19 3:5:22'
b'\xe7\x9b\x97\xe5\xa2\x93\xe7\xac\x94\xe8\xae\xb01\xe4\xb8\x83\xe6\x98\x9f\xe9\xb2\x81\xe7\x8e\x8b\xe5\xae\xab',b'\xe4\xb8\x83\xe6\x98\x9f\xe9\xb2\x81\xe7\x8e\x8b \xe7\xac\xac\xe4\xb8\x89\xe7\xab\xa0 \xe7\x93\x9c\xe5\xad\x90\xe5\xba\x99',b'http://seputu.com/biji1/3.html',b'2012-5-19 3:6:15'
b'\xe7\x9b\x97\xe5\xa2\x93\xe7\xac\x94\xe8\xae\xb01\xe4\xb8\x83\xe6\x98\x9f\xe9\xb2\x81\xe7\x8e\x8b\xe5\xae\xab',b'\xe4\xb8\x83\xe6\x98\x9f\xe9\xb2\x81\xe7\x8e\x8b \xe7\xac\xac\xe5\x9b\x9b\xe7\xab\xa0 \xe5\xb0\xb8\xe6\xb4\x9e',b'http://seputu.com/biji1/4.html',b'2012-5-19 3:30:57'
b'\xe7\x9b\x97\xe5\xa2\x93\xe7\xac\x94\xe8\xae\xb01\xe4\xb8\x83\xe6\x98\x9f\xe9\xb2\x81\xe7\x8e\x8b\xe5\xae\xab',b'\xe4\xb8\x83\xe6\x98\x9f\xe9\xb2\x81\xe7\x8e\x8b \xe7\xac\xac\xe4\xba\x94\xe7\xab\xa0 \xe6\xb0\xb4\xe5\xbd\xb1',b'http://seputu.com/biji1/5.html',b'2012-5-19 4:52:12'
b'\xe7\x9b\x97\xe5\xa2\x93\xe7\xac\x94\xe8\xae\xb01\xe4\xb8\x83\xe6\x98\x9f\xe9\xb2\x81\xe7\x8e\x8b\xe5\xae\xab',b'\xe4\xb8\x83\xe6\x98\x9f\xe9\xb2\x81\xe7\x8e\x8b \xe7\xac\xac\xe5\x85\xad\xe7\xab\xa0 \xe7\xa7\xaf\xe5\xb0\xb8\xe5\x9c\xb0',b'http://seputu.com/biji1/6.html',b'2012-5-19 4:53:14'
b'\xe7\x9b\x97\xe5\xa2\x93\xe7\xac\x94\xe8\xae\xb01\xe4\xb8\x83\xe6\x98\x9f\xe9\xb2\x81\xe7\x8e\x8b\xe5\xae\xab',b'\xe4\xb8\x83\xe6\x98\x9f\xe9\xb2\x81\xe7\x8e\x8b \xe7\xac\xac\xe4\xb8\x83\xe7\xab\xa0 \xe4\xb8\x80\xe7\x99\xbe\xe5\xa4\x9a\xe4\xb8\xaa\xe4\xba\xba\xe5\xa4\xb4',b'http://seputu.com/biji1/7.html',b'2012-5-22 14:42:52'
b'\xe7\x9b\x97\xe5\xa2\x93\xe7\xac\x94\xe8\xae\xb01\xe4\xb8\x83\xe6\x98\x9f\xe9\xb2\x81\xe7\x8e\x8b\xe5\xae\xab',b'\xe4\xb8\x83\xe6\x98\x9f\xe9\xb2\x81\xe7\x8e\x8b \xe7\xac\xac\xe5\x85\xab\xe7\xab\xa0 \xe5\xb1\xb1\xe8\xb0\xb7',b'http://seputu.com/biji1/8.html',b'2012-5-22 14:43:24'
b'\xe7\x9b\x97\xe5\xa2\x93\xe7\xac\x94\xe8\xae\xb01\xe4\xb8\x83\xe6\x98\x9f\xe9\xb2\x81\xe7\x8e\x8b\xe5\xae\xab',b'\xe4\xb8\x83\xe6\x98\x9f\xe9\xb2\x81\xe7\x8e\x8b \xe7\xac\xac\xe4\xb9\x9d\xe7\xab\xa0 \xe5\x8f\xa4\xe5\xa2\x93',b'http://seputu.com/biji1/9.html',b'2012-5-22 14:44:0'
b'\xe7\x9b\x97\xe5\xa2\x93\xe7\xac\x94\xe8\xae\xb01\xe4\xb8\x83\xe6\x98\x9f\xe9\xb2\x81\xe7\x8e\x8b\xe5\xae\xab',b'\xe4\xb8\x83\xe6\x98\x9f\xe9\xb2\x81\xe7\x8e\x8b \xe7\xac\xac\xe5\x8d\x81\xe7\xab\xa0 \xe5\xbd\xb1\xe5\xad\x90',b'http://seputu.com/biji1/10.html',b'2012-5-22 14:44:35'
b'\xe7\x9b\x97\xe5\xa2\x93\xe7\xac\x94\xe8\xae\xb01\xe4\xb8\x83\xe6\x98\x9f\xe9\xb2\x81\xe7\x8e\x8b\xe5\xae\xab',b'\xe4\xb8\x83\xe6\x98\x9f\xe9\xb2\x81\xe7\x8e\x8b \xe7\xac\xac\xe5\x8d\x81\xe4\xb8\x80\xe7\xab\xa0 \xe4\xb8\x83\xe6\x98\x9f\xe6\xa3\xba',b'http://seputu.com/biji1/11.html',b'2012-5-22 14:45:8'
b'\xe7\x9b\x97\xe5\xa2\x93\xe7\xac\x94\xe8\xae\xb01\xe4\xb8\x83\xe6\x98\x9f\xe9\xb2\x81\xe7\x8e\x8b\xe5\xae\xab',b'\xe4\xb8\x83\xe6\x98\x9f\xe9\xb2\x81\xe7\x8e\x8b \xe7\xac\xac\xe5\x8d\x81\xe4\xba\x8c\xe7\xab\xa0 \xe9\x97\xa8',b'http://seputu.com/biji1/12.html',b'2012-5-22 14:45:44'
b'\xe7\x9b\x97\xe5\xa2\x93\xe7\xac\x94\xe8\xae\xb01\xe4\xb8\x83\xe6\x98\x9f\xe9\xb2\x81\xe7\x8e\x8b\xe5\xae\xab',b'\xe4\xb8\x83\xe6\x98\x9f\xe9\xb2\x81\xe7\x8e\x8b \xe7\xac\xac\xe5\x8d\x81\xe4\xb8\x89\xe7\xab\xa0 02200059',b'http://seputu.com/biji1/13.html',b'2012-5-22 14:46:15'
b'\xe7\x9b\x97\xe5\xa2\x93\xe7\xac\x94\xe8\xae\xb01\xe4\xb8\x83\xe6\x98\x9f\xe9\xb2\x81\xe7\x8e\x8b\xe5\xae\xab',b'\xe4\xb8\x83\xe6\x98\x9f\xe9\xb2\x81\xe7\x8e\x8b \xe7\xac\xac\xe5\x8d\x81\xe5\x9b\x9b\xe7\xab\xa0 \xe9\x97\xb7\xe6\xb2\xb9\xe7\x93\xb6',b'http://seputu.com/biji1/14.html',b'2012-5-22 14:47:26'
b'\xe7\x9b\x97\xe5\xa2\x93\xe7\xac\x94\xe8\xae\xb01\xe4\xb8\x83\xe6\x98\x9f\xe9\xb2\x81\xe7\x8e\x8b\xe5\xae\xab',b'\xe4\xb8\x83\xe6\x98\x9f\xe9\xb2\x81\xe7\x8e\x8b \xe7\xac\xac\xe5\x8d\x81\xe4\xba\x94\xe7\xab\xa0 \xe5\xb1\x81',b'http://seputu.com/biji1/15.html',b'2012-5-22 14:47:55'
b'\xe7\x9b\x97\xe5\xa2\x93\xe7\xac\x94\xe8\xae\xb01\xe4\xb8\x83\xe6\x98\x9f\xe9\xb2\x81\xe7\x8e\x8b\xe5\xae\xab',b'\xe4\xb8\x83\xe6\x98\x9f\xe9\xb2\x81\xe7\x8e\x8b \xe7\xac\xac\xe5\x8d\x81\xe5\x85\xad\xe7\xab\xa0 \xe5\xb0\x8f\xe6\x89\x8b',b'http://seputu.com/biji1/16.html',b'2012-5-22 14:48:32'
b'\xe7\x9b\x97\xe5\xa2\x93\xe7\xac\x94\xe8\xae\xb01\xe4\xb8\x83\xe6\x98\x9f\xe9\xb2\x81\xe7\x8e\x8b\xe5\xae\xab',b'\xe4\xb8\x83\xe6\x98\x9f\xe9\xb2\x81\xe7\x8e\x8b \xe7\xac\xac\xe5\x8d\x81\xe4\xb8\x83\xe7\xab\xa0 \xe6\xb4\x9e',b'http://seputu.com/biji1/17.html',b'2012-5-22 14:49:5'
b'\xe7\x9b\x97\xe5\xa2\x93\xe7\xac\x94\xe8\xae\xb01\xe4\xb8\x83\xe6\x98\x9f\xe9\xb2\x81\xe7\x8e\x8b\xe5\xae\xab',b'\xe4\xb8\x83\xe6\x98\x9f\xe9\xb2\x81\xe7\x8e\x8b \xe7\xac\xac\xe5\x8d\x81\xe5\x85\xab\xe7\xab\xa0 \xe5\xa4\xa7\xe6\xa0\x91',b'http://seputu.com/biji1/18.html',b'2012-5-22 14:49:59'
b'\xe7\x9b\x97\xe5\xa2\x93\xe7\xac\x94\xe8\xae\xb01\xe4\xb8\x83\xe6\x98\x9f\xe9\xb2\x81\xe7\x8e\x8b\xe5\xae\xab',b'\xe4\xb8\x83\xe6\x98\x9f\xe9\xb2\x81\xe7\x8e\x8b \xe7\xac\xac\xe5\x8d\x81\xe4\xb9\x9d\xe7\xab\xa0 \xe5\xa5\xb3\xe5\xb0\xb8',b'http://seputu.com/biji1/19.html',b'2012-5-22 14:50:30'
b'\xe7\x9b\x97\xe5\xa2\x93\xe7\xac\x94\xe8\xae\xb01\xe4\xb8\x83\xe6\x98\x9f\xe9\xb2\x81\xe7\x8e\x8b\xe5\xae\xab',b'\xe4\xb8\x83\xe6\x98\x9f\xe9\xb2\x81\xe7\x8e\x8b \xe7\xac\xac\xe4\xba\x8c\xe5\x8d\x81\xe7\xab\xa0 \xe9\x92\xa5\xe5\x8c\x99',b'http://seputu.com/biji1/20.html',b'2012-5-22 14:50:52'
b'\xe7\x9b\x97\xe5\xa2\x93\xe7\xac\x94\xe8\xae\xb01\xe4\xb8\x83\xe6\x98\x9f\xe9\xb2\x81\xe7\x8e\x8b\xe5\xae\xab',b'\xe4\xb8\x83\xe6\x98\x9f\xe9\xb2\x81\xe7\x8e\x8b \xe7\xac\xac\xe4\xba\x8c\xe5\x8d\x81\xe4\xb8\x80\xe7\xab\xa0 \xe9\x9d\x92\xe7\x9c\xbc\xe7\x8b\x90\xe5\xb0\xb8',b'http://seputu.com/biji1/21.html',b'2012-5-22 14:51:25'
b'\xe7\x9b\x97\xe5\xa2\x93\xe7\xac\x94\xe8\xae\xb01\xe4\xb8\x83\xe6\x98\x9f\xe9\xb2\x81\xe7\x8e\x8b\xe5\xae\xab',b'\xe4\xb8\x83\xe6\x98\x9f\xe9\xb2\x81\xe7\x8e\x8b \xe7\xac\xac\xe4\xba\x8c\xe5\x8d\x81\xe4\xba\x8c\xe7\xab\xa0 \xe5\x85\xab\xe9\x87\x8d\xe5\xae\x9d\xe5\x87\xbd',b'http://seputu.com/biji1/22.html',b'2012-5-22 14:52:4'
b'\xe7\x9b\x97\xe5\xa2\x93\xe7\xac\x94\xe8\xae\xb01\xe4\xb8\x83\xe6\x98\x9f\xe9\xb2\x81\xe7\x8e\x8b\xe5\xae\xab',b'\xe4\xb8\x83\xe6\x98\x9f\xe9\xb2\x81\xe7\x8e\x8b \xe7\xac\xac\xe4\xba\x8c\xe5\x8d\x81\xe4\xb8\x89\xe7\xab\xa0 \xe6\xa3\xba\xe6\xa4\x81',b'http://seputu.com/biji1/23.html',b'2012-5-22 14:52:51'
b'\xe7\x9b\x97\xe5\xa2\x93\xe7\xac\x94\xe8\xae\xb01\xe4\xb8\x83\xe6\x98\x9f\xe9\xb2\x81\xe7\x8e\x8b\xe5\xae\xab',b'\xe4\xb8\x83\xe6\x98\x9f\xe9\xb2\x81\xe7\x8e\x8b \xe7\xac\xac\xe4\xba\x8c\xe5\x8d\x81\xe5\x9b\x9b\xe7\xab\xa0 \xe6\xb4\xbb\xe5\xb0\xb8',b'http://seputu.com/biji1/24.html',b'2012-5-22 14:54:31'
b'\xe7\x9b\x97\xe5\xa2\x93\xe7\xac\x94\xe8\xae\xb01\xe4\xb8\x83\xe6\x98\x9f\xe9\xb2\x81\xe7\x8e\x8b\xe5\xae\xab',b'\xe4\xb8\x83\xe6\x98\x9f\xe9\xb2\x81\xe7\x8e\x8b \xe7\xac\xac\xe4\xba\x8c\xe5\x8d\x81\xe4\xba\x94\xe7\xab\xa0 \xe7\x8e\x89\xe4\xbf\x91',b'http://seputu.com/biji1/25.html',b'2012-5-22 14:54:54'
b'\xe7\x9b\x97\xe5\xa2\x93\xe7\xac\x94\xe8\xae\xb01\xe4\xb8\x83\xe6\x98\x9f\xe9\xb2\x81\xe7\x8e\x8b\xe5\xae\xab',b'\xe4\xb8\x83\xe6\x98\x9f\xe9\xb2\x81\xe7\x8e\x8b \xe7\xac\xac\xe4\xba\x8c\xe5\x8d\x81\xe5\x85\xad\xe7\xab\xa0 \xe7\xb4\xab\xe7\x8e\x89\xe5\x8c\xa3\xe5\xad\x90',b'http://seputu.com/biji1/26.html',b'2012-5-22 14:55:47'
b'\xe7\x9b\x97\xe5\xa2\x93\xe7\xac\x94\xe8\xae\xb01\xe4\xb8\x83\xe6\x98\x9f\xe9\xb2\x81\xe7\x8e\x8b\xe5\xae\xab',b'\xe4\xb8\x83\xe6\x98\x9f\xe9\xb2\x81\xe7\x8e\x8b \xe7\xac\xac\xe4\xba\x8c\xe5\x8d\x81\xe4\xb8\x83\xe7\xab\xa0 \xe8\xb0\x8e\xe8\xa8\x80',b'http://seputu.com/biji1/27.html',b'2012-5-22 14:56:22'
b'\xe7\x9b\x97\xe5\xa2\x93\xe7\xac\x94\xe8\xae\xb01\xe4\xb8\x83\xe6\x98\x9f\xe9\xb2\x81\xe7\x8e\x8b\xe5\xae\xab',b'\xe4\xb8\x83\xe6\x98\x9f\xe9\xb2\x81\xe7\x8e\x8b \xe7\xac\xac\xe4\xba\x8c\xe5\x8d\x81\xe5\x85\xab\xe7\xab\xa0 \xe7\x81\xab',b'http://seputu.com/biji1/28.html',b'2012-5-22 14:56:49'
b'\xe7\x9b\x97\xe5\xa2\x93\xe7\xac\x94\xe8\xae\xb01\xe4\xb8\x83\xe6\x98\x9f\xe9\xb2\x81\xe7\x8e\x8b\xe5\xae\xab',b'\xe4\xb8\x83\xe6\x98\x9f\xe9\xb2\x81\xe7\x8e\x8b \xe7\xac\xac\xe4\xba\x8c\xe5\x8d\x81\xe4\xb9\x9d\xe7\xab\xa0 \xe7\xb4\xab\xe9\x87\x91\xe5\x8c\xa3',b'http://seputu.com/biji1/29.html',b'2012-5-22 14:57:29'
b'\xe7\x9b\x97\xe5\xa2\x93\xe7\xac\x94\xe8\xae\xb01\xe4\xb8\x83\xe6\x98\x9f\xe9\xb2\x81\xe7\x8e\x8b\xe5\xae\xab',b'\xe6\x80\x92\xe6\xb5\xb7\xe6\xbd\x9c\xe6\xb2\x99 \xe7\xac\xac\xe4\xb8\x80\xe7\xab\xa0 \xe8\x9b\x87\xe7\x9c\x89\xe9\x93\x9c\xe9\xb1\xbc',b'http://seputu.com/biji1/30.html',b'2012-5-22 14:58:3'
b'\xe7\x9b\x97\xe5\xa2\x93\xe7\xac\x94\xe8\xae\xb01\xe4\xb8\x83\xe6\x98\x9f\xe9\xb2\x81\xe7\x8e\x8b\xe5\xae\xab',b'\xe6\x80\x92\xe6\xb5\xb7\xe6\xbd\x9c\xe6\xb2\x99 \xe7\xac\xac\xe4\xba\x8c\xe7\xab\xa0 \xe5\x8f\x8c\xe5\xb1\x82\xe5\xa2\x93\xe5\xa2\x99',b'http://seputu.com/biji1/31.html',b'2012-5-22 14:58:37'
b'\xe7\x9b\x97\xe5\xa2\x93\xe7\xac\x94\xe8\xae\xb01\xe4\xb8\x83\xe6\x98\x9f\xe9\xb2\x81\xe7\x8e\x8b\xe5\xae\xab',b'\xe6\x80\x92\xe6\xb5\xb7\xe6\xbd\x9c\xe6\xb2\x99 \xe7\xac\xac\xe4\xb8\x89\xe7\xab\xa0 \xe5\xa4\xa7\xe9\xa3\x8e\xe6\x9a\xb4',b'http://seputu.com/biji1/32.html',b'2012-5-22 14:59:18'
b'\xe7\x9b\x97\xe5\xa2\x93\xe7\xac\x94\xe8\xae\xb01\xe4\xb8\x83\xe6\x98\x9f\xe9\xb2\x81\xe7\x8e\x8b\xe5\xae\xab',b'\xe6\x80\x92\xe6\xb5\xb7\xe6\xbd\x9c\xe6\xb2\x99 \xe7\xac\xac\xe5\x9b\x9b\xe7\xab\xa0 \xe6\xb5\xb7\xe9\xac\xbc',b'http://seputu.com/biji1/33.html',b'2012-5-22 14:59:39'
b'\xe7\x9b\x97\xe5\xa2\x93\xe7\xac\x94\xe8\xae\xb01\xe4\xb8\x83\xe6\x98\x9f\xe9\xb2\x81\xe7\x8e\x8b\xe5\xae\xab',b'\xe6\x80\x92\xe6\xb5\xb7\xe6\xbd\x9c\xe6\xb2\x99 \xe7\xac\xac\xe4\xba\x94\xe7\xab\xa0 \xe8\x80\x81\xe7\x85\xa7\xe7\x89\x87',b'http://seputu.com/biji1/34.html',b'2012-5-22 15:0:28'
b'\xe7\x9b\x97\xe5\xa2\x93\xe7\xac\x94\xe8\xae\xb01\xe4\xb8\x83\xe6\x98\x9f\xe9\xb2\x81\xe7\x8e\x8b\xe5\xae\xab',b'\xe6\x80\x92\xe6\xb5\xb7\xe6\xbd\x9c\xe6\xb2\x99 \xe7\xac\xac\xe5\x85\xad\xe7\xab\xa0 \xe6\xb5\xb7\xe5\x8d\x97',b'http://seputu.com/biji1/35.html',b'2012-5-22 15:0:52'
b'\xe7\x9b\x97\xe5\xa2\x93\xe7\xac\x94\xe8\xae\xb01\xe4\xb8\x83\xe6\x98\x9f\xe9\xb2\x81\xe7\x8e\x8b\xe5\xae\xab',b'\xe6\x80\x92\xe6\xb5\xb7\xe6\xbd\x9c\xe6\xb2\x99 \xe7\xac\xac\xe4\xb8\x83\xe7\xab\xa0 \xe5\xa5\xb3\xe4\xba\xba',b'http://seputu.com/biji1/36.html',b'2012-5-22 15:1:30'
b'\xe7\x9b\x97\xe5\xa2\x93\xe7\xac\x94\xe8\xae\xb01\xe4\xb8\x83\xe6\x98\x9f\xe9\xb2\x81\xe7\x8e\x8b\xe5\xae\xab',b'\xe6\x80\x92\xe6\xb5\xb7\xe6\xbd\x9c\xe6\xb2\x99 \xe7\xac\xac\xe5\x85\xab\xe7\xab\xa0 \xe5\x8f\x98\xe5\xa4\xa9\xe4\xba\x86',b'http://seputu.com/biji1/37.html',b'2012-5-22 15:2:12'
b'\xe7\x9b\x97\xe5\xa2\x93\xe7\xac\x94\xe8\xae\xb01\xe4\xb8\x83\xe6\x98\x9f\xe9\xb2\x81\xe7\x8e\x8b\xe5\xae\xab',b'\xe6\x80\x92\xe6\xb5\xb7\xe6\xbd\x9c\xe6\xb2\x99 \xe7\xac\xac\xe4\xb9\x9d\xe7\xab\xa0 \xe9\xac\xbc\xe8\x88\xb9',b'http://seputu.com/biji1/38.html',b'2012-5-22 15:2:38'
b'\xe7\x9b\x97\xe5\xa2\x93\xe7\xac\x94\xe8\xae\xb01\xe4\xb8\x83\xe6\x98\x9f\xe9\xb2\x81\xe7\x8e\x8b\xe5\xae\xab',b'\xe6\x80\x92\xe6\xb5\xb7\xe6\xbd\x9c\xe6\xb2\x99 \xe7\xac\xac\xe5\x8d\x81\xe7\xab\xa0 \xe6\x9e\xaf\xe6\x89\x8b',b'http://seputu.com/biji1/39.html',b'2012-5-22 15:3:15'
b'\xe7\x9b\x97\xe5\xa2\x93\xe7\xac\x94\xe8\xae\xb01\xe4\xb8\x83\xe6\x98\x9f\xe9\xb2\x81\xe7\x8e\x8b\xe5\xae\xab',b'\xe6\x80\x92\xe6\xb5\xb7\xe6\xbd\x9c\xe6\xb2\x99 \xe7\xac\xac\xe5\x8d\x81\xe4\xb8\x80\xe7\xab\xa0 \xe7\x94\xb2\xe6\x9d\xbf',b'http://seputu.com/biji1/40.html',b'2012-5-22 15:3:50'
b'\xe7\x9b\x97\xe5\xa2\x93\xe7\xac\x94\xe8\xae\xb01\xe4\xb8\x83\xe6\x98\x9f\xe9\xb2\x81\xe7\x8e\x8b\xe5\xae\xab',b'\xe6\x80\x92\xe6\xb5\xb7\xe6\xbd\x9c\xe6\xb2\x99 \xe7\xac\xac\xe5\x8d\x81\xe4\xba\x8c\xe7\xab\xa0 \xe4\xb8\x89\xe5\x8f\x94\xe7\x9a\x84\xe8\xb0\x8e\xe8\xa8\x80',b'http://seputu.com/biji1/41.html',b'2012-5-22 15:5:29'
b'\xe7\x9b\x97\xe5\xa2\x93\xe7\xac\x94\xe8\xae\xb01\xe4\xb8\x83\xe6\x98\x9f\xe9\xb2\x81\xe7\x8e\x8b\xe5\xae\xab',b'\xe6\x80\x92\xe6\xb5\xb7\xe6\xbd\x9c\xe6\xb2\x99 \xe7\xac\xac\xe5\x8d\x81\xe4\xb8\x89\xe7\xab\xa0 \xe6\xb5\xb7\xe7\x8c\xb4\xe5\xad\x90',b'http://seputu.com/biji1/42.html',b'2012-5-22 15:5:53'
b'\xe7\x9b\x97\xe5\xa2\x93\xe7\xac\x94\xe8\xae\xb01\xe4\xb8\x83\xe6\x98\x9f\xe9\xb2\x81\xe7\x8e\x8b\xe5\xae\xab',b'\xe6\x80\x92\xe6\xb5\xb7\xe6\xbd\x9c\xe6\xb2\x99 \xe7\xac\xac\xe5\x8d\x81\xe5\x9b\x9b\xe7\xab\xa0 \xe6\xb0\xb8\xe5\x85\xb4\xe5\xb2\x9b',b'http://seputu.com/biji1/43.html',b'2012-5-22 15:6:26'
b'\xe7\x9b\x97\xe5\xa2\x93\xe7\xac\x94\xe8\xae\xb01\xe4\xb8\x83\xe6\x98\x9f\xe9\xb2\x81\xe7\x8e\x8b\xe5\xae\xab',b'\xe6\x80\x92\xe6\xb5\xb7\xe6\xbd\x9c\xe6\xb2\x99 \xe7\xac\xac\xe5\x8d\x81\xe4\xba\x94\xe7\xab\xa0 \xe8\x83\x96\xe5\xad\x90',b'http://seputu.com/biji1/44.html',b'2012-5-22 15:7:12'
b'\xe7\x9b\x97\xe5\xa2\x93\xe7\xac\x94\xe8\xae\xb01\xe4\xb8\x83\xe6\x98\x9f\xe9\xb2\x81\xe7\x8e\x8b\xe5\xae\xab',b'\xe6\x80\x92\xe6\xb5\xb7\xe6\xbd\x9c\xe6\xb2\x99 \xe7\xac\xac\xe5\x8d\x81\xe5\x85\xad\xe7\xab\xa0 \xe5\xbc\x80\xe4\xbc\x9a',b'http://seputu.com/biji1/45.html',b'2012-5-22 15:7:38'
b'\xe7\x9b\x97\xe5\xa2\x93\xe7\xac\x94\xe8\xae\xb01\xe4\xb8\x83\xe6\x98\x9f\xe9\xb2\x81\xe7\x8e\x8b\xe5\xae\xab',b'\xe6\x80\x92\xe6\xb5\xb7\xe6\xbd\x9c\xe6\xb2\x99 \xe7\xac\xac\xe5\x8d\x81\xe4\xb8\x83\xe7\xab\xa0 \xe5\xa4\xb4\xe5\x8f\x91',b'http://seputu.com/biji1/46.html',b'2012-5-22 15:8:27'
b'\xe7\x9b\x97\xe5\xa2\x93\xe7\xac\x94\xe8\xae\xb01\xe4\xb8\x83\xe6\x98\x9f\xe9\xb2\x81\xe7\x8e\x8b\xe5\xae\xab',b'\xe6\x80\x92\xe6\xb5\xb7\xe6\xbd\x9c\xe6\xb2\x99 \xe7\xac\xac\xe5\x8d\x81\xe5\x85\xab\xe7\xab\xa0 \xe5\xa4\xa7\xe9\x87\x8f\xe5\xa4\xb4\xe5\x8f\x91',b'http://seputu.com/biji1/47.html',b'2012-5-22 15:9:0'
b'\xe7\x9b\x97\xe5\xa2\x93\xe7\xac\x94\xe8\xae\xb01\xe4\xb8\x83\xe6\x98\x9f\xe9\xb2\x81\xe7\x8e\x8b\xe5\xae\xab',b'\xe6\x80\x92\xe6\xb5\xb7\xe6\xbd\x9c\xe6\xb2\x99 \xe7\xac\xac\xe5\x8d\x81\xe4\xb9\x9d\xe7\xab\xa0 \xe5\xa4\xa7\xe7\x93\xb7\xe7\xbd\x90',b'http://seputu.com/biji1/48.html',b'2012-5-22 15:9:38'
b'\xe7\x9b\x97\xe5\xa2\x93\xe7\xac\x94\xe8\xae\xb01\xe4\xb8\x83\xe6\x98\x9f\xe9\xb2\x81\xe7\x8e\x8b\xe5\xae\xab',b'\xe6\x80\x92\xe6\xb5\xb7\xe6\xbd\x9c\xe6\xb2\x99 \xe7\xac\xac\xe4\xba\x8c\xe5\x8d\x81\xe7\xab\xa0 \xe7\x94\xac\xe9\x81\x93',b'http://seputu.com/biji1/49.html',b'2012-5-22 15:10:3'
b'\xe7\x9b\x97\xe5\xa2\x93\xe7\xac\x94\xe8\xae\xb01\xe4\xb8\x83\xe6\x98\x9f\xe9\xb2\x81\xe7\x8e\x8b\xe5\xae\xab',b'\xe6\x80\x92\xe6\xb5\xb7\xe6\xbd\x9c\xe6\xb2\x99 \xe7\xac\xac\xe4\xba\x8c\xe5\x8d\x81\xe4\xb8\x80\xe7\xab\xa0 \xe7\xae\xad',b'http://seputu.com/biji1/50.html',b'2012-5-22 15:10:41'
b'\xe7\x9b\x97\xe5\xa2\x93\xe7\xac\x94\xe8\xae\xb01\xe4\xb8\x83\xe6\x98\x9f\xe9\xb2\x81\xe7\x8e\x8b\xe5\xae\xab',b'\xe6\x80\x92\xe6\xb5\xb7\xe6\xbd\x9c\xe6\xb2\x99 \xe7\xac\xac\xe4\xba\x8c\xe5\x8d\x81\xe4\xba\x8c\xe7\xab\xa0 \xe7\xac\xac\xe4\xb8\x80\xe6\xac\xa1\xe8\xa7\xa3\xe8\xbf\xb7',b'http://seputu.com/biji1/51.html',b'2012-5-22 15:11:20'
b'\xe7\x9b\x97\xe5\xa2\x93\xe7\xac\x94\xe8\xae\xb01\xe4\xb8\x83\xe6\x98\x9f\xe9\xb2\x81\xe7\x8e\x8b\xe5\xae\xab',b'\xe6\x80\x92\xe6\xb5\xb7\xe6\xbd\x9c\xe6\xb2\x99 \xe7\xac\xac\xe4\xba\x8c\xe5\x8d\x81\xe4\xb8\x89\xe7\xab\xa0 \xe7\xbb\xa7\xe7\xbb\xad\xe8\xa7\xa3\xe8\xbf\xb7',b'http://seputu.com/biji1/52.html',b'2012-5-22 15:11:44'
b'\xe7\x9b\x97\xe5\xa2\x93\xe7\xac\x94\xe8\xae\xb01\xe4\xb8\x83\xe6\x98\x9f\xe9\xb2\x81\xe7\x8e\x8b\xe5\xae\xab',b'\xe6\x80\x92\xe6\xb5\xb7\xe6\xbd\x9c\xe6\xb2\x99 \xe7\xac\xac\xe4\xba\x8c\xe5\x8d\x81\xe5\x9b\x9b\xe7\xab\xa0 \xe5\xbc\x80\xe6\xa3\xba',b'http://seputu.com/biji1/53.html',b'2012-5-22 15:12:23'
b'\xe7\x9b\x97\xe5\xa2\x93\xe7\xac\x94\xe8\xae\xb01\xe4\xb8\x83\xe6\x98\x9f\xe9\xb2\x81\xe7\x8e\x8b\xe5\xae\xab',b'\xe6\x80\x92\xe6\xb5\xb7\xe6\xbd\x9c\xe6\xb2\x99 \xe7\xac\xac\xe4\xba\x8c\xe5\x8d\x81\xe4\xba\x94\xe7\xab\xa0 \xe4\xb8\x80\xe4\xb8\xaa\xe4\xba\xba',b'http://seputu.com/biji1/54.html',b'2012-5-22 15:12:56'
b'\xe7\x9b\x97\xe5\xa2\x93\xe7\xac\x94\xe8\xae\xb01\xe4\xb8\x83\xe6\x98\x9f\xe9\xb2\x81\xe7\x8e\x8b\xe5\xae\xab',b'\xe6\x80\x92\xe6\xb5\xb7\xe6\xbd\x9c\xe6\xb2\x99 \xe7\xac\xac\xe4\xba\x8c\xe5\x8d\x81\xe5\x85\xad\xe7\xab\xa0 \xe7\x93\xb7\xe7\x94\xbb',b'http://seputu.com/biji1/55.html',b'2012-5-22 15:13:19'
b'\xe7\x9b\x97\xe5\xa2\x93\xe7\xac\x94\xe8\xae\xb01\xe4\xb8\x83\xe6\x98\x9f\xe9\xb2\x81\xe7\x8e\x8b\xe5\xae\xab',b'\xe6\x80\x92\xe6\xb5\xb7\xe6\xbd\x9c\xe6\xb2\x99 \xe7\xac\xac\xe4\xba\x8c\xe5\x8d\x81\xe4\xb8\x83\xe7\xab\xa0 \xe6\x97\xa0\xe9\xa2\x98',b'http://seputu.com/biji1/56.html',b'2012-5-22 15:14:3'
b'\xe7\x9b\x97\xe5\xa2\x93\xe7\xac\x94\xe8\xae\xb01\xe4\xb8\x83\xe6\x98\x9f\xe9\xb2\x81\xe7\x8e\x8b\xe5\xae\xab',b'\xe6\x80\x92\xe6\xb5\xb7\xe6\xbd\x9c\xe6\xb2\x99 \xe7\xac\xac\xe4\xba\x8c\xe5\x8d\x81\xe5\x85\xab\xe7\xab\xa0 \xe7\xbb\xa7\xe7\xbb\xad\xe6\x97\xa0\xe9\xa2\x98',b'http://seputu.com/biji1/57.html',b'2012-5-22 15:14:43'
b'\xe7\x9b\x97\xe5\xa2\x93\xe7\xac\x94\xe8\xae\xb01\xe4\xb8\x83\xe6\x98\x9f\xe9\xb2\x81\xe7\x8e\x8b\xe5\xae\xab',b'\xe6\x80\x92\xe6\xb5\xb7\xe6\xbd\x9c\xe6\xb2\x99 \xe7\xac\xac\xe4\xba\x8c\xe5\x8d\x81\xe4\xb9\x9d\xe7\xab\xa0 \xe7\x9f\xb3\xe7\xa2\x91',b'http://seputu.com/biji1/58.html',b'2012-5-22 15:15:13'
b'\xe7\x9b\x97\xe5\xa2\x93\xe7\xac\x94\xe8\xae\xb01\xe4\xb8\x83\xe6\x98\x9f\xe9\xb2\x81\xe7\x8e\x8b\xe5\xae\xab',b'\xe6\x80\x92\xe6\xb5\xb7\xe6\xbd\x9c\xe6\xb2\x99 \xe7\xac\xac\xe4\xb8\x89\xe5\x8d\x81\xe7\xab\xa0 \xe6\xb1\xa0\xe5\xba\x95',b'http://seputu.com/biji1/59.html',b'2012-5-22 15:15:47'
b'\xe7\x9b\x97\xe5\xa2\x93\xe7\xac\x94\xe8\xae\xb01\xe4\xb8\x83\xe6\x98\x9f\xe9\xb2\x81\xe7\x8e\x8b\xe5\xae\xab',b'\xe6\x80\x92\xe6\xb5\xb7\xe6\xbd\x9c\xe6\xb2\x99 \xe7\xac\xac\xe4\xb8\x89\xe5\x8d\x81\xe4\xb8\x80\xe7\xab\xa0 \xe4\xba\x8c\xe5\x8d\x81\xe5\xb9\xb4\xe5\x89\x8d',b'http://seputu.com/biji1/60.html',b'2012-5-22 15:16:17'
b'\xe7\x9b\x97\xe5\xa2\x93\xe7\xac\x94\xe8\xae\xb01\xe4\xb8\x83\xe6\x98\x9f\xe9\xb2\x81\xe7\x8e\x8b\xe5\xae\xab',b'\xe6\x80\x92\xe6\xb5\xb7\xe6\xbd\x9c\xe6\xb2\x99 \xe7\xac\xac\xe4\xb8\x89\xe5\x8d\x81\xe4\xba\x8c\xe7\xab\xa0 \xe5\xa5\x87\xe9\x97\xa8\xe9\x81\x81\xe7\x94\xb2',b'http://seputu.com/biji1/61.html',b'2012-5-22 15:16:53'
b'\xe7\x9b\x97\xe5\xa2\x93\xe7\xac\x94\xe8\xae\xb01\xe4\xb8\x83\xe6\x98\x9f\xe9\xb2\x81\xe7\x8e\x8b\xe5\xae\xab',b'\xe6\x80\x92\xe6\xb5\xb7\xe6\xbd\x9c\xe6\xb2\x99 \xe7\xac\xac\xe4\xb8\x89\xe5\x8d\x81\xe4\xb8\x89\xe7\xab\xa0 \xe7\x94\x9f\xe9\x97\xa8',b'http://seputu.com/biji1/62.html',b'2012-5-22 15:17:40'
b'\xe7\x9b\x97\xe5\xa2\x93\xe7\xac\x94\xe8\xae\xb01\xe4\xb8\x83\xe6\x98\x9f\xe9\xb2\x81\xe7\x8e\x8b\xe5\xae\xab',b'\xe6\x80\x92\xe6\xb5\xb7\xe6\xbd\x9c\xe6\xb2\x99 \xe7\xac\xac\xe4\xb8\x89\xe5\x8d\x81\xe5\x9b\x9b\xe7\xab\xa0 \xe8\xbf\x9e\xe7\x8e\xaf',b'http://seputu.com/biji1/63.html',b'2012-5-22 15:18:27'
b'\xe7\x9b\x97\xe5\xa2\x93\xe7\xac\x94\xe8\xae\xb01\xe4\xb8\x83\xe6\x98\x9f\xe9\xb2\x81\xe7\x8e\x8b\xe5\xae\xab',b'\xe6\x80\x92\xe6\xb5\xb7\xe6\xbd\x9c\xe6\xb2\x99 \xe7\xac\xac\xe4\xb8\x89\xe5\x8d\x81\xe4\xba\x94\xe7\xab\xa0 \xe8\xa1\x80\xe5\xad\x97',b'http://seputu.com/biji1/64.html',b'2012-5-22 15:18:53'
b'\xe7\x9b\x97\xe5\xa2\x93\xe7\xac\x94\xe8\xae\xb01\xe4\xb8\x83\xe6\x98\x9f\xe9\xb2\x81\xe7\x8e\x8b\xe5\xae\xab',b'\xe6\x80\x92\xe6\xb5\xb7\xe6\xbd\x9c\xe6\xb2\x99 \xe7\xac\xac\xe4\xb8\x89\xe5\x8d\x81\xe5\x85\xad\xe7\xab\xa0 \xe8\x84\xb1\xe5\x9b\xb0',b'http://seputu.com/biji1/65.html',b'2012-5-22 15:19:34'
b'\xe7\x9b\x97\xe5\xa2\x93\xe7\xac\x94\xe8\xae\xb01\xe4\xb8\x83\xe6\x98\x9f\xe9\xb2\x81\xe7\x8e\x8b\xe5\xae\xab',b'\xe6\x80\x92\xe6\xb5\xb7\xe6\xbd\x9c\xe6\xb2\x99 \xe7\xac\xac\xe4\xb8\x89\xe5\x8d\x81\xe4\xb8\x83\xe7\xab\xa0 \xe7\x9b\x97\xe6\xb4\x9e',b'http://seputu.com/biji1/66.html',b'2012-5-22 15:20:4'
b'\xe7\x9b\x97\xe5\xa2\x93\xe7\xac\x94\xe8\xae\xb01\xe4\xb8\x83\xe6\x98\x9f\xe9\xb2\x81\xe7\x8e\x8b\xe5\xae\xab',b'\xe6\x80\x92\xe6\xb5\xb7\xe6\xbd\x9c\xe6\xb2\x99 \xe7\xac\xac\xe4\xb8\x89\xe5\x8d\x81\xe5\x85\xab\xe7\xab\xa0 \xe7\xa6\x81\xe5\xa9\x86',b'http://seputu.com/biji1/67.html',b'2012-5-22 15:20:28'
b'\xe7\x9b\x97\xe5\xa2\x93\xe7\xac\x94\xe8\xae\xb01\xe4\xb8\x83\xe6\x98\x9f\xe9\xb2\x81\xe7\x8e\x8b\xe5\xae\xab',b'\xe6\x80\x92\xe6\xb5\xb7\xe6\xbd\x9c\xe6\xb2\x99 \xe7\xac\xac\xe4\xb8\x89\xe5\x8d\x81\xe4\xb9\x9d\xe7\xab\xa0 \xe6\xb7\xb7\xe6\x88\x98',b'http://seputu.com/biji1/68.html',b'2012-5-22 15:21:5'
b'\xe7\x9b\x97\xe5\xa2\x93\xe7\xac\x94\xe8\xae\xb01\xe4\xb8\x83\xe6\x98\x9f\xe9\xb2\x81\xe7\x8e\x8b\xe5\xae\xab',b'\xe6\x80\x92\xe6\xb5\xb7\xe6\xbd\x9c\xe6\xb2\x99 \xe7\xac\xac\xe5\x9b\x9b\xe5\x8d\x81\xe7\xab\xa0 \xe5\xa2\x99\xe6\xb4\x9e',b'http://seputu.com/biji1/69.html',b'2012-5-22 15:21:34'
b'\xe7\x9b\x97\xe5\xa2\x93\xe7\xac\x94\xe8\xae\xb01\xe4\xb8\x83\xe6\x98\x9f\xe9\xb2\x81\xe7\x8e\x8b\xe5\xae\xab',b'\xe6\x80\x92\xe6\xb5\xb7\xe6\xbd\x9c\xe6\xb2\x99 \xe7\xac\xac\xe5\x9b\x9b\xe5\x8d\x81\xe4\xb8\x80\xe7\xab\xa0 \xe7\x8f\x8a\xe7\x91\x9a\xe6\xa0\x91',b'http://seputu.com/biji1/70.html',b'2012-5-22 15:22:8'
b'\xe7\x9b\x97\xe5\xa2\x93\xe7\xac\x94\xe8\xae\xb01\xe4\xb8\x83\xe6\x98\x9f\xe9\xb2\x81\xe7\x8e\x8b\xe5\xae\xab',b'\xe6\x80\x92\xe6\xb5\xb7\xe6\xbd\x9c\xe6\xb2\x99 \xe7\xac\xac\xe5\x9b\x9b\xe5\x8d\x81\xe4\xba\x8c\xe7\xab\xa0 \xe5\x9b\xb0\xe5\xa2\x83',b'http://seputu.com/biji1/71.html',b'2012-5-22 21:6:19'
b'\xe7\x9b\x97\xe5\xa2\x93\xe7\xac\x94\xe8\xae\xb01\xe4\xb8\x83\xe6\x98\x9f\xe9\xb2\x81\xe7\x8e\x8b\xe5\xae\xab',b'\xe6\x80\x92\xe6\xb5\xb7\xe6\xbd\x9c\xe6\xb2\x99 \xe7\xac\xac\xe5\x9b\x9b\xe5\x8d\x81\xe4\xb8\x89\xe7\xab\xa0 \xe7\x82\xb8\xe5\xbc\xb9',b'http://seputu.com/biji1/72.html',b'2012-5-22 21:6:59'
b'\xe7\x9b\x97\xe5\xa2\x93\xe7\xac\x94\xe8\xae\xb01\xe4\xb8\x83\xe6\x98\x9f\xe9\xb2\x81\xe7\x8e\x8b\xe5\xae\xab',b'\xe6\x80\x92\xe6\xb5\xb7\xe6\xbd\x9c\xe6\xb2\x99 \xe7\xac\xac\xe5\x9b\x9b\xe5\x8d\x81\xe5\x9b\x9b\xe7\xab\xa0 \xe8\x84\xb1\xe7\x9a\xae',b'http://seputu.com/biji1/73.html',b'2012-5-22 21:7:33'
b'\xe7\x9b\x97\xe5\xa2\x93\xe7\xac\x94\xe8\xae\xb01\xe4\xb8\x83\xe6\x98\x9f\xe9\xb2\x81\xe7\x8e\x8b\xe5\xae\xab',b'\xe6\x80\x92\xe6\xb5\xb7\xe6\xbd\x9c\xe6\xb2\x99 \xe7\xac\xac\xe5\x9b\x9b\xe5\x8d\x81\xe4\xba\x94\xe7\xab\xa0 \xe8\x84\xb1\xe5\x87\xba',b'http://seputu.com/biji1/74.html',b'2012-5-22 21:8:23'
b'\xe7\x9b\x97\xe5\xa2\x93\xe7\xac\x94\xe8\xae\xb01\xe4\xb8\x83\xe6\x98\x9f\xe9\xb2\x81\xe7\x8e\x8b\xe5\xae\xab',b'\xe6\x80\x92\xe6\xb5\xb7\xe6\xbd\x9c\xe6\xb2\x99 \xe7\xac\xac\xe5\x9b\x9b\xe5\x8d\x81\xe5\x85\xad\xe7\xab\xa0 \xe6\x80\xbb\xe7\xbb\x93',b'http://seputu.com/biji1/75.html',b'2012-5-22 21:8:56'
b'\xe7\x9b\x97\xe5\xa2\x93\xe7\xac\x94\xe8\xae\xb02\xe7\xa7\xa6\xe5\xb2\xad\xe7\xa5\x9e\xe6\xa0\x91',b'\xe7\xa7\xa6\xe5\xb2\xad\xe7\xa5\x9e\xe6\xa0\x91\xe7\xaf\x87 \xe7\xac\xac\xe4\xb8\x80\xe7\xab\xa0 \xe8\x80\x81\xe7\x97\x92\xe5\x87\xba\xe7\x8b\xb1',b'http://seputu.com/biji2/76.html',b'2012-5-22 21:10:2'
b'\xe7\x9b\x97\xe5\xa2\x93\xe7\xac\x94\xe8\xae\xb02\xe7\xa7\xa6\xe5\xb2\xad\xe7\xa5\x9e\xe6\xa0\x91',b'\xe7\xa7\xa6\xe5\xb2\xad\xe7\xa5\x9e\xe6\xa0\x91\xe7\xaf\x87 \xe7\xac\xac\xe4\xba\x8c\xe7\xab\xa0 \xe5\x85\xad\xe8\xa7\x92\xe9\x93\x83\xe9\x93\x9b',b'http://seputu.com/biji2/77.html',b'2012-5-22 21:10:49'
b'\xe7\x9b\x97\xe5\xa2\x93\xe7\xac\x94\xe8\xae\xb02\xe7\xa7\xa6\xe5\xb2\xad\xe7\xa5\x9e\xe6\xa0\x91',b'\xe7\xa7\xa6\xe5\xb2\xad\xe7\xa5\x9e\xe6\xa0\x91\xe7\xaf\x87 \xe7\xac\xac\xe4\xb8\x89\xe7\xab\xa0 \xe8\xb7\x9f\xe8\xb8\xaa',b'http://seputu.com/biji2/78.html',b'2012-5-22 21:11:23'
b'\xe7\x9b\x97\xe5\xa2\x93\xe7\xac\x94\xe8\xae\xb02\xe7\xa7\xa6\xe5\xb2\xad\xe7\xa5\x9e\xe6\xa0\x91',b'\xe7\xa7\xa6\xe5\xb2\xad\xe7\xa5\x9e\xe6\xa0\x91\xe7\xaf\x87 \xe7\xac\xac\xe5\x9b\x9b\xe7\xab\xa0 \xe7\xbb\xa7\xe7\xbb\xad\xe8\xb7\x9f\xe8\xb8\xaa',b'http://seputu.com/biji2/79.html',b'2012-5-22 21:11:57'
b'\xe7\x9b\x97\xe5\xa2\x93\xe7\xac\x94\xe8\xae\xb02\xe7\xa7\xa6\xe5\xb2\xad\xe7\xa5\x9e\xe6\xa0\x91',b'\xe7\xa7\xa6\xe5\xb2\xad\xe7\xa5\x9e\xe6\xa0\x91\xe7\xaf\x87 \xe7\xac\xac\xe4\xba\x94\xe7\xab\xa0 \xe5\x81\xb7\xe5\x90\xac',b'http://seputu.com/biji2/80.html',b'2012-5-22 21:12:38'
b'\xe7\x9b\x97\xe5\xa2\x93\xe7\xac\x94\xe8\xae\xb02\xe7\xa7\xa6\xe5\xb2\xad\xe7\xa5\x9e\xe6\xa0\x91',b'\xe7\xa7\xa6\xe5\xb2\xad\xe7\xa5\x9e\xe6\xa0\x91\xe7\xaf\x87 \xe7\xac\xac\xe5\x85\xad\xe7\xab\xa0 \xe6\x8c\x96\xe6\x8e\x98',b'http://seputu.com/biji2/81.html',b'2012-5-22 21:13:23'
b'\xe7\x9b\x97\xe5\xa2\x93\xe7\xac\x94\xe8\xae\xb02\xe7\xa7\xa6\xe5\xb2\xad\xe7\xa5\x9e\xe6\xa0\x91',b'\xe7\xa7\xa6\xe5\xb2\xad\xe7\xa5\x9e\xe6\xa0\x91\xe7\xaf\x87 \xe7\xac\xac\xe4\xb8\x83\xe7\xab\xa0 \xe5\xa4\xb9\xe5\xad\x90\xe6\xb2\x9f',b'http://seputu.com/biji2/82.html',b'2012-5-22 21:13:53'
b'\xe7\x9b\x97\xe5\xa2\x93\xe7\xac\x94\xe8\xae\xb02\xe7\xa7\xa6\xe5\xb2\xad\xe7\xa5\x9e\xe6\xa0\x91',b'\xe7\xa7\xa6\xe5\xb2\xad\xe7\xa5\x9e\xe6\xa0\x91\xe7\xaf\x87 \xe7\xac\xac\xe5\x85\xab\xe7\xab\xa0 \xe7\x8c\xb4\xe5\xad\x90',b'http://seputu.com/biji2/83.html',b'2012-5-22 21:14:25'
b'\xe7\x9b\x97\xe5\xa2\x93\xe7\xac\x94\xe8\xae\xb02\xe7\xa7\xa6\xe5\xb2\xad\xe7\xa5\x9e\xe6\xa0\x91',b'\xe7\xa7\xa6\xe5\xb2\xad\xe7\xa5\x9e\xe6\xa0\x91\xe7\xaf\x87 \xe7\xac\xac\xe4\xb9\x9d\xe7\xab\xa0 \xe7\x9f\xb3\xe4\xba\xba',b'http://seputu.com/biji2/84.html',b'2012-5-22 21:15:3'
b'\xe7\x9b\x97\xe5\xa2\x93\xe7\xac\x94\xe8\xae\xb02\xe7\xa7\xa6\xe5\xb2\xad\xe7\xa5\x9e\xe6\xa0\x91',b'\xe7\xa7\xa6\xe5\xb2\xad\xe7\xa5\x9e\xe6\xa0\x91\xe7\xaf\x87 \xe7\xac\xac\xe5\x8d\x81\xe7\xab\xa0 \xe5\x93\xb2\xe7\xbd\x97\xe9\xb2\x91',b'http://seputu.com/biji2/85.html',b'2012-5-22 21:15:37'
b'\xe7\x9b\x97\xe5\xa2\x93\xe7\xac\x94\xe8\xae\xb02\xe7\xa7\xa6\xe5\xb2\xad\xe7\xa5\x9e\xe6\xa0\x91',b'\xe7\xa7\xa6\xe5\xb2\xad\xe7\xa5\x9e\xe6\xa0\x91\xe7\xaf\x87 \xe7\xac\xac\xe5\x8d\x81\xe4\xb8\x80\xe7\xab\xa0 \xe4\xba\xba\xe5\xa4\xb4',b'http://seputu.com/biji2/86.html',b'2012-5-22 21:16:25'
b'\xe7\x9b\x97\xe5\xa2\x93\xe7\xac\x94\xe8\xae\xb02\xe7\xa7\xa6\xe5\xb2\xad\xe7\xa5\x9e\xe6\xa0\x91',b'\xe7\xa7\xa6\xe5\xb2\xad\xe7\xa5\x9e\xe6\xa0\x91\xe7\xaf\x87 \xe7\xac\xac\xe5\x8d\x81\xe4\xba\x8c\xe7\xab\xa0 \xe5\x9c\xb0\xe4\xb8\x8b\xe6\xb2\xb3',b'http://seputu.com/biji2/87.html',b'2012-5-22 21:17:0'
b'\xe7\x9b\x97\xe5\xa2\x93\xe7\xac\x94\xe8\xae\xb02\xe7\xa7\xa6\xe5\xb2\xad\xe7\xa5\x9e\xe6\xa0\x91',b'\xe7\xa7\xa6\xe5\xb2\xad\xe7\xa5\x9e\xe6\xa0\x91\xe7\xaf\x87 \xe7\xac\xac\xe5\x8d\x81\xe4\xb8\x89\xe7\xab\xa0 \xe9\xbb\x84\xe6\xb3\x89\xe7\x9a\x84\xe7\x80\x91\xe5\xb8\x83',b'http://seputu.com/biji2/88.html',b'2012-5-22 21:17:45'
b'\xe7\x9b\x97\xe5\xa2\x93\xe7\xac\x94\xe8\xae\xb02\xe7\xa7\xa6\xe5\xb2\xad\xe7\xa5\x9e\xe6\xa0\x91',b'\xe7\xa7\xa6\xe5\xb2\xad\xe7\xa5\x9e\xe6\xa0\x91\xe7\xaf\x87 \xe7\xac\xac\xe5\x8d\x81\xe5\x9b\x9b\xe7\xab\xa0 \xe6\xb7\xb1\xe6\xbd\xad',b'http://seputu.com/biji2/89.html',b'2012-5-22 21:18:22'
b'\xe7\x9b\x97\xe5\xa2\x93\xe7\xac\x94\xe8\xae\xb02\xe7\xa7\xa6\xe5\xb2\xad\xe7\xa5\x9e\xe6\xa0\x91',b'\xe7\xa7\xa6\xe5\xb2\xad\xe7\xa5\x9e\xe6\xa0\x91\xe7\xaf\x87 \xe7\xac\xac\xe5\x8d\x81\xe4\xba\x94\xe7\xab\xa0 \xe4\xbc\x91\xe6\x81\xaf',b'http://seputu.com/biji2/90.html',b'2012-5-22 21:19:12'
b'\xe7\x9b\x97\xe5\xa2\x93\xe7\xac\x94\xe8\xae\xb02\xe7\xa7\xa6\xe5\xb2\xad\xe7\xa5\x9e\xe6\xa0\x91',b'\xe7\xa7\xa6\xe5\xb2\xad\xe7\xa5\x9e\xe6\xa0\x91\xe7\xaf\x87 \xe7\xac\xac\xe5\x8d\x81\xe5\x85\xad\xe7\xab\xa0 \xe7\x88\xac',b'http://seputu.com/biji2/91.html',b'2012-5-22 21:48:30'
b'\xe7\x9b\x97\xe5\xa2\x93\xe7\xac\x94\xe8\xae\xb02\xe7\xa7\xa6\xe5\xb2\xad\xe7\xa5\x9e\xe6\xa0\x91',b'\xe7\xa7\xa6\xe5\xb2\xad\xe7\xa5\x9e\xe6\xa0\x91\xe7\xaf\x87 \xe7\xac\xac\xe5\x8d\x81\xe4\xb8\x83\xe7\xab\xa0 \xe5\xb0\xb8\xe9\x98\xb5',b'http://seputu.com/biji2/92.html',b'2012-5-22 21:49:16'
b'\xe7\x9b\x97\xe5\xa2\x93\xe7\xac\x94\xe8\xae\xb02\xe7\xa7\xa6\xe5\xb2\xad\xe7\xa5\x9e\xe6\xa0\x91',b'\xe7\xa7\xa6\xe5\xb2\xad\xe7\xa5\x9e\xe6\xa0\x91\xe7\xaf\x87 \xe7\xac\xac\xe5\x8d\x81\xe5\x85\xab\xe7\xab\xa0 \xe9\xac\xbc\xe5\x90\xb9\xe7\x81\xaf',b'http://seputu.com/biji2/93.html',b'2012-5-22 21:50:4'
b'\xe7\x9b\x97\xe5\xa2\x93\xe7\xac\x94\xe8\xae\xb02\xe7\xa7\xa6\xe5\xb2\xad\xe7\xa5\x9e\xe6\xa0\x91',b'\xe7\xa7\xa6\xe5\xb2\xad\xe7\xa5\x9e\xe6\xa0\x91\xe7\xaf\x87 \xe7\xac\xac\xe5\x8d\x81\xe4\xb9\x9d\xe7\xab\xa0 \xe9\xaa\xa8\xe5\xa4\xb4\xe7\x9a\x84\xe6\x95\x85\xe4\xba\x8b',b'http://seputu.com/biji2/94.html',b'2012-5-22 21:50:53'
b'\xe7\x9b\x97\xe5\xa2\x93\xe7\xac\x94\xe8\xae\xb02\xe7\xa7\xa6\xe5\xb2\xad\xe7\xa5\x9e\xe6\xa0\x91',b'\xe7\xa7\xa6\xe5\xb2\xad\xe7\xa5\x9e\xe6\xa0\x91\xe7\xaf\x87 \xe7\xac\xac\xe4\xba\x8c\xe5\x8d\x81\xe7\xab\xa0 \xe7\x81\xab\xe9\xbe\x99\xe9\x98\xb5',b'http://seputu.com/biji2/95.html',b'2012-5-22 21:51:50'
b'\xe7\x9b\x97\xe5\xa2\x93\xe7\xac\x94\xe8\xae\xb02\xe7\xa7\xa6\xe5\xb2\xad\xe7\xa5\x9e\xe6\xa0\x91',b'\xe7\xa7\xa6\xe5\xb2\xad\xe7\xa5\x9e\xe6\xa0\x91\xe7\xaf\x87 \xe7\xac\xac\xe4\xba\x8c\xe5\x8d\x81\xe4\xb8\x80\xe7\xab\xa0 \xe7\xa7\xa6\xe5\xb2\xad\xe7\xa5\x9e\xe6\xa0\x91',b'http://seputu.com/biji2/96.html',b'2012-5-22 21:52:53'
b'\xe7\x9b\x97\xe5\xa2\x93\xe7\xac\x94\xe8\xae\xb02\xe7\xa7\xa6\xe5\xb2\xad\xe7\xa5\x9e\xe6\xa0\x91',b'\xe7\xa7\xa6\xe5\xb2\xad\xe7\xa5\x9e\xe6\xa0\x91\xe7\xaf\x87 \xe7\xac\xac\xe4\xba\x8c\xe5\x8d\x81\xe4\xba\x8c\xe7\xab\xa0 \xe7\xbb\xa7\xe7\xbb\xad\xe7\x88\xac',b'http://seputu.com/biji2/97.html',b'2012-5-22 21:53:41'
b'\xe7\x9b\x97\xe5\xa2\x93\xe7\xac\x94\xe8\xae\xb02\xe7\xa7\xa6\xe5\xb2\xad\xe7\xa5\x9e\xe6\xa0\x91',b'\xe7\xa7\xa6\xe5\xb2\xad\xe7\xa5\x9e\xe6\xa0\x91\xe7\xaf\x87 \xe7\xac\xac\xe4\xba\x8c\xe5\x8d\x81\xe4\xb8\x89\xe7\xab\xa0 \xe8\xa3\x82\xe7\x97\x95',b'http://seputu.com/biji2/98.html',b'2012-5-22 21:54:24'
b'\xe7\x9b\x97\xe5\xa2\x93\xe7\xac\x94\xe8\xae\xb02\xe7\xa7\xa6\xe5\xb2\xad\xe7\xa5\x9e\xe6\xa0\x91',b'\xe7\xa7\xa6\xe5\xb2\xad\xe7\xa5\x9e\xe6\xa0\x91\xe7\xaf\x87 \xe7\xac\xac\xe4\xba\x8c\xe5\x8d\x81\xe5\x9b\x9b\xe7\xab\xa0 \xe6\x91\x94\xe6\xad\xbb',b'http://seputu.com/biji2/99.html',b'2012-5-22 21:55:7'
b'\xe7\x9b\x97\xe5\xa2\x93\xe7\xac\x94\xe8\xae\xb02\xe7\xa7\xa6\xe5\xb2\xad\xe7\xa5\x9e\xe6\xa0\x91',b'\xe7\xa7\xa6\xe5\xb2\xad\xe7\xa5\x9e\xe6\xa0\x91\xe7\xaf\x87 \xe7\xac\xac\xe4\xba\x8c\xe5\x8d\x81\xe4\xba\x94\xe7\xab\xa0 \xe7\xa5\xad\xe7\xa5\x80',b'http://seputu.com/biji2/100.html',b'2012-5-22 21:55:55'
b'\xe7\x9b\x97\xe5\xa2\x93\xe7\xac\x94\xe8\xae\xb02\xe7\xa7\xa6\xe5\xb2\xad\xe7\xa5\x9e\xe6\xa0\x91',b'\xe7\xa7\xa6\xe5\xb2\xad\xe7\xa5\x9e\xe6\xa0\x91\xe7\xaf\x87 \xe7\xac\xac\xe4\xba\x8c\xe5\x8d\x81\xe5\x85\xad\xe7\xab\xa0 \xe8\x9e\xad\xe8\x9b\x8a',b'http://seputu.com/biji2/101.html',b'2012-5-22 21:56:56'
b'\xe7\x9b\x97\xe5\xa2\x93\xe7\xac\x94\xe8\xae\xb02\xe7\xa7\xa6\xe5\xb2\xad\xe7\xa5\x9e\xe6\xa0\x91',b'\xe7\xa7\xa6\xe5\xb2\xad\xe7\xa5\x9e\xe6\xa0\x91\xe7\xaf\x87 \xe7\xac\xac\xe4\xba\x8c\xe5\x8d\x81\xe4\xb8\x83\xe7\xab\xa0 \xe5\x87\x8c\xe7\xa9\xba',b'http://seputu.com/biji2/102.html',b'2012-5-22 21:58:29'
b'\xe7\x9b\x97\xe5\xa2\x93\xe7\xac\x94\xe8\xae\xb02\xe7\xa7\xa6\xe5\xb2\xad\xe7\xa5\x9e\xe6\xa0\x91',b'\xe7\xa7\xa6\xe5\xb2\xad\xe7\xa5\x9e\xe6\xa0\x91\xe7\xaf\x87 \xe7\xac\xac\xe4\xba\x8c\xe5\x8d\x81\xe5\x85\xab\xe7\xab\xa0 \xe9\xba\x92\xe9\xba\x9f\xe7\xab\xad',b'http://seputu.com/biji2/103.html',b'2012-5-22 21:59:35'
b'\xe7\x9b\x97\xe5\xa2\x93\xe7\xac\x94\xe8\xae\xb02\xe7\xa7\xa6\xe5\xb2\xad\xe7\xa5\x9e\xe6\xa0\x91',b'\xe7\xa7\xa6\xe5\xb2\xad\xe7\xa5\x9e\xe6\xa0\x91\xe7\xaf\x87 \xe7\xac\xac\xe4\xba\x8c\xe5\x8d\x81\xe4\xb9\x9d\xe7\xab\xa0 \xe9\x80\xbc\xe8\xbf\x91',b'http://seputu.com/biji2/104.html',b'2012-5-22 22:0:53'
b'\xe7\x9b\x97\xe5\xa2\x93\xe7\xac\x94\xe8\xae\xb02\xe7\xa7\xa6\xe5\xb2\xad\xe7\xa5\x9e\xe6\xa0\x91',b'\xe7\xa7\xa6\xe5\xb2\xad\xe7\xa5\x9e\xe6\xa0\x91\xe7\xaf\x87 \xe7\xac\xac\xe4\xb8\x89\xe5\x8d\x81\xe7\xab\xa0 \xe8\x80\x81\xe5\xa5\x97\xe8\xb7\xaf',b'http://seputu.com/biji2/105.html',b'2012-5-22 22:1:42'
b'\xe7\x9b\x97\xe5\xa2\x93\xe7\xac\x94\xe8\xae\xb02\xe7\xa7\xa6\xe5\xb2\xad\xe7\xa5\x9e\xe6\xa0\x91',b'\xe7\xa7\xa6\xe5\xb2\xad\xe7\xa5\x9e\xe6\xa0\x91\xe7\xaf\x87 \xe7\xac\xac\xe4\xb8\x89\xe5\x8d\x81\xe4\xb8\x80\xe7\xab\xa0 \xe9\xac\xbc\xe9\x9b\xbe',b'http://seputu.com/biji2/106.html',b'2012-5-22 22:2:54'
b'\xe7\x9b\x97\xe5\xa2\x93\xe7\xac\x94\xe8\xae\xb02\xe7\xa7\xa6\xe5\xb2\xad\xe7\xa5\x9e\xe6\xa0\x91',b'\xe7\xa7\xa6\xe5\xb2\xad\xe7\xa5\x9e\xe6\xa0\x91\xe7\xaf\x87 \xe7\xac\xac\xe4\xb8\x89\xe5\x8d\x81\xe4\xba\x8c\xe7\xab\xa0 \xe5\x81\xb7\xe8\xa2\xad',b'http://seputu.com/biji2/107.html',b'2012-5-22 22:3:53'
b'\xe7\x9b\x97\xe5\xa2\x93\xe7\xac\x94\xe8\xae\xb02\xe7\xa7\xa6\xe5\xb2\xad\xe7\xa5\x9e\xe6\xa0\x91',b'\xe7\xa7\xa6\xe5\xb2\xad\xe7\xa5\x9e\xe6\xa0\x91\xe7\xaf\x87 \xe7\xac\xac\xe4\xb8\x89\xe5\x8d\x81\xe4\xb8\x89\xe7\xab\xa0 \xe5\x92\x8c\xe8\xa7\xa3',b'http://seputu.com/biji2/108.html',b'2012-5-22 22:5:13'
b'\xe7\x9b\x97\xe5\xa2\x93\xe7\xac\x94\xe8\xae\xb02\xe7\xa7\xa6\xe5\xb2\xad\xe7\xa5\x9e\xe6\xa0\x91',b'\xe7\xa7\xa6\xe5\xb2\xad\xe7\xa5\x9e\xe6\xa0\x91\xe7\xaf\x87 \xe7\xac\xac\xe4\xb8\x89\xe5\x8d\x81\xe5\x9b\x9b\xe7\xab\xa0 \xe5\xa4\xa7\xe8\x83\x86\xe5\x81\x87\xe8\xae\xbe\xef\xbc\x8c\xe5\xb0\x8f\xe5\xbf\x83\xe6\xb1\x82\xe8\xaf\x81',b'http://seputu.com/biji2/109.html',b'2012-5-22 22:6:31'
b'\xe7\x9b\x97\xe5\xa2\x93\xe7\xac\x94\xe8\xae\xb02\xe7\xa7\xa6\xe5\xb2\xad\xe7\xa5\x9e\xe6\xa0\x91',b'\xe7\xa7\xa6\xe5\xb2\xad\xe7\xa5\x9e\xe6\xa0\x91\xe7\xaf\x87 \xe7\xac\xac\xe4\xb8\x89\xe5\x8d\x81\xe4\xba\x94\xe7\xab\xa0 \xe5\xa4\xb1\xe6\x8e\xa7',b'http://seputu.com/biji2/110.html',b'2012-5-22 22:7:23'
b'\xe7\x9b\x97\xe5\xa2\x93\xe7\xac\x94\xe8\xae\xb02\xe7\xa7\xa6\xe5\xb2\xad\xe7\xa5\x9e\xe6\xa0\x91',b'\xe7\xa7\xa6\xe5\xb2\xad\xe7\xa5\x9e\xe6\xa0\x91\xe7\xaf\x87 \xe7\xac\xac\xe4\xb8\x89\xe5\x8d\x81\xe5\x85\xad\xe7\xab\xa0 \xe5\x9d\x8d\xe5\xa1\x8c',b'http://seputu.com/biji2/111.html',b'2012-5-22 22:8:59'
b'\xe7\x9b\x97\xe5\xa2\x93\xe7\xac\x94\xe8\xae\xb02\xe7\xa7\xa6\xe5\xb2\xad\xe7\xa5\x9e\xe6\xa0\x91',b'\xe7\xa7\xa6\xe5\xb2\xad\xe7\xa5\x9e\xe6\xa0\x91\xe7\xaf\x87 \xe7\xac\xac\xe4\xb8\x89\xe5\x8d\x81\xe4\xb8\x83\xe7\xab\xa0 \xe6\x97\xa5\xe8\xae\xb0',b'http://seputu.com/biji2/112.html',b'2012-5-22 22:10:1'
b'\xe7\x9b\x97\xe5\xa2\x93\xe7\xac\x94\xe8\xae\xb02\xe7\xa7\xa6\xe5\xb2\xad\xe7\xa5\x9e\xe6\xa0\x91',b'\xe7\xa7\xa6\xe5\xb2\xad\xe7\xa5\x9e\xe6\xa0\x91\xe7\xaf\x87 \xe7\xac\xac\xe4\xb8\x89\xe5\x8d\x81\xe5\x85\xab\xe7\xab\xa0 \xe7\x9c\x9f\xe5\x83\x8f',b'http://seputu.com/biji2/113.html',b'2012-5-22 22:10:44'
b'\xe7\x9b\x97\xe5\xa2\x93\xe7\xac\x94\xe8\xae\xb02\xe7\xa7\xa6\xe5\xb2\xad\xe7\xa5\x9e\xe6\xa0\x91',b'\xe7\xa7\xa6\xe5\xb2\xad\xe7\xa5\x9e\xe6\xa0\x91\xe7\xaf\x87 \xe7\xac\xac\xe4\xb8\x89\xe5\x8d\x81\xe4\xb9\x9d\xe7\xab\xa0 \xe7\x83\x9b\xe4\xb9\x9d\xe9\x98\xb4',b'http://seputu.com/biji2/114.html',b'2012-5-22 22:12:0'
b'\xe7\x9b\x97\xe5\xa2\x93\xe7\xac\x94\xe8\xae\xb02\xe7\xa7\xa6\xe5\xb2\xad\xe7\xa5\x9e\xe6\xa0\x91',b'\xe7\xa7\xa6\xe5\xb2\xad\xe7\xa5\x9e\xe6\xa0\x91\xe7\xaf\x87 \xe7\xac\xac\xe5\x9b\x9b\xe5\x8d\x81\xe7\xab\xa0 \xe8\x84\xb1\xe5\x87\xba',b'http://seputu.com/biji2/115.html',b'2012-5-22 22:12:43'
b'\xe7\x9b\x97\xe5\xa2\x93\xe7\xac\x94\xe8\xae\xb02\xe7\xa7\xa6\xe5\xb2\xad\xe7\xa5\x9e\xe6\xa0\x91',b'\xe4\xba\x91\xe9\xa1\xb6\xe5\xa4\xa9\xe5\xae\xab\xef\xbc\x88\xe4\xb8\x8a\xef\xbc\x89 \xe7\xac\xac\xe4\xb8\x80\xe7\xab\xa0 \xe6\x96\xb0\xe7\x9a\x84\xe6\xb6\x88\xe6\x81\xaf',b'http://seputu.com/biji2/116.html',b'2012-5-22 22:13:10'
b'\xe7\x9b\x97\xe5\xa2\x93\xe7\xac\x94\xe8\xae\xb02\xe7\xa7\xa6\xe5\xb2\xad\xe7\xa5\x9e\xe6\xa0\x91',b'\xe4\xba\x91\xe9\xa1\xb6\xe5\xa4\xa9\xe5\xae\xab\xef\xbc\x88\xe4\xb8\x8a\xef\xbc\x89 \xe7\xac\xac\xe4\xba\x8c\xe7\xab\xa0 \xe4\xba\x8c\xef\xbc\x90\xef\xbc\x90\xe4\xb8\x83\xe5\xb9\xb4\xe7\xac\xac\xe4\xb8\x80\xe7\x82\xae',b'http://seputu.com/biji2/117.html',b'2012-5-22 22:13:53'
b'\xe7\x9b\x97\xe5\xa2\x93\xe7\xac\x94\xe8\xae\xb02\xe7\xa7\xa6\xe5\xb2\xad\xe7\xa5\x9e\xe6\xa0\x91',b'\xe4\xba\x91\xe9\xa1\xb6\xe5\xa4\xa9\xe5\xae\xab\xef\xbc\x88\xe4\xb8\x8a\xef\xbc\x89 \xe7\xac\xac\xe4\xb8\x89\xe7\xab\xa0 \xe9\x95\x9c\xe5\x84\xbf\xe5\xae\xab',b'http://seputu.com/biji2/118.html',b'2012-5-22 22:14:58'
b'\xe7\x9b\x97\xe5\xa2\x93\xe7\xac\x94\xe8\xae\xb02\xe7\xa7\xa6\xe5\xb2\xad\xe7\xa5\x9e\xe6\xa0\x91',b'\xe4\xba\x91\xe9\xa1\xb6\xe5\xa4\xa9\xe5\xae\xab\xef\xbc\x88\xe4\xb8\x8a\xef\xbc\x89 \xe7\xac\xac\xe5\x9b\x9b\xe7\xab\xa0 \xe5\xa4\x9a\xe4\xba\x86\xe4\xb8\x80\xe4\xb8\xaa',b'http://seputu.com/biji2/119.html',b'2012-5-22 22:15:52'
b'\xe7\x9b\x97\xe5\xa2\x93\xe7\xac\x94\xe8\xae\xb02\xe7\xa7\xa6\xe5\xb2\xad\xe7\xa5\x9e\xe6\xa0\x91',b'\xe4\xba\x91\xe9\xa1\xb6\xe5\xa4\xa9\xe5\xae\xab\xef\xbc\x88\xe4\xb8\x8a\xef\xbc\x89 \xe7\xac\xac\xe4\xba\x94\xe7\xab\xa0 \xe6\x9c\x80\xe5\x88\x9d\xe7\x9a\x84\xe8\xbf\xb7\xe9\xa2\x98',b'http://seputu.com/biji2/120.html',b'2012-5-22 22:16:49'
b'\xe7\x9b\x97\xe5\xa2\x93\xe7\xac\x94\xe8\xae\xb02\xe7\xa7\xa6\xe5\xb2\xad\xe7\xa5\x9e\xe6\xa0\x91',b'\xe4\xba\x91\xe9\xa1\xb6\xe5\xa4\xa9\xe5\xae\xab\xef\xbc\x88\xe4\xb8\x8a\xef\xbc\x89 \xe7\xac\xac\xe5\x85\xad\xe7\xab\xa0 \xe7\xae\x80\xe5\x8d\x95\xe7\xad\x94\xe6\xa1\x88',b'http://seputu.com/biji2/121.html',b'2012-5-22 22:17:42'
b'\xe7\x9b\x97\xe5\xa2\x93\xe7\xac\x94\xe8\xae\xb02\xe7\xa7\xa6\xe5\xb2\xad\xe7\xa5\x9e\xe6\xa0\x91',b'\xe4\xba\x91\xe9\xa1\xb6\xe5\xa4\xa9\xe5\xae\xab\xef\xbc\x88\xe4\xb8\x8a\xef\xbc\x89 \xe7\xac\xac\xe4\xb8\x83\xe7\xab\xa0 \xe6\xbd\x98\xe5\xad\x90',b'http://seputu.com/biji2/122.html',b'2012-5-22 22:21:25'
b'\xe7\x9b\x97\xe5\xa2\x93\xe7\xac\x94\xe8\xae\xb02\xe7\xa7\xa6\xe5\xb2\xad\xe7\xa5\x9e\xe6\xa0\x91',b'\xe4\xba\x91\xe9\xa1\xb6\xe5\xa4\xa9\xe5\xae\xab\xef\xbc\x88\xe4\xb8\x8a\xef\xbc\x89 \xe7\xac\xac\xe5\x85\xab\xe7\xab\xa0 \xe6\x96\xb0\xe7\x9a\x84\xe5\x9b\xa2\xe4\xbc\x99',b'http://seputu.com/biji2/123.html',b'2012-5-22 22:22:15'
b'\xe7\x9b\x97\xe5\xa2\x93\xe7\xac\x94\xe8\xae\xb02\xe7\xa7\xa6\xe5\xb2\xad\xe7\xa5\x9e\xe6\xa0\x91',b'\xe4\xba\x91\xe9\xa1\xb6\xe5\xa4\xa9\xe5\xae\xab\xef\xbc\x88\xe4\xb8\x8a\xef\xbc\x89 \xe7\xac\xac\xe4\xb9\x9d\xe7\xab\xa0 \xe4\xb9\x9d\xe9\xbe\x99\xe6\x8a\xac\xe5\xb0\xb8',b'http://seputu.com/biji2/124.html',b'2012-5-22 22:25:59'
b'\xe7\x9b\x97\xe5\xa2\x93\xe7\xac\x94\xe8\xae\xb02\xe7\xa7\xa6\xe5\xb2\xad\xe7\xa5\x9e\xe6\xa0\x91',b'\xe4\xba\x91\xe9\xa1\xb6\xe5\xa4\xa9\xe5\xae\xab\xef\xbc\x88\xe4\xb8\x8a\xef\xbc\x89 \xe7\xac\xac\xe5\x8d\x81\xe7\xab\xa0 \xe8\x90\xa5\xe5\xb1\xb1\xe6\x9d\x91',b'http://seputu.com/biji2/125.html',b'2012-5-22 22:27:15'
b'\xe7\x9b\x97\xe5\xa2\x93\xe7\xac\x94\xe8\xae\xb02\xe7\xa7\xa6\xe5\xb2\xad\xe7\xa5\x9e\xe6\xa0\x91',b'\xe4\xba\x91\xe9\xa1\xb6\xe5\xa4\xa9\xe5\xae\xab\xef\xbc\x88\xe4\xb8\x8a\xef\xbc\x89 \xe7\xac\xac\xe5\x8d\x81\xe4\xb8\x80\xe7\xab\xa0 \xe5\x9b\xb0\xe5\xa2\x83',b'http://seputu.com/biji2/126.html',b'2012-5-22 22:28:26'
b'\xe7\x9b\x97\xe5\xa2\x93\xe7\xac\x94\xe8\xae\xb02\xe7\xa7\xa6\xe5\xb2\xad\xe7\xa5\x9e\xe6\xa0\x91',b'\xe4\xba\x91\xe9\xa1\xb6\xe5\xa4\xa9\xe5\xae\xab\xef\xbc\x88\xe4\xb8\x8a\xef\xbc\x89 \xe7\xac\xac\xe5\x8d\x81\xe4\xba\x8c\xe7\xab\xa0 \xe7\x99\xbe\xe8\xb6\xb3\xe9\xbe\x99',b'http://seputu.com/biji2/127.html',b'2012-5-22 22:29:31'
b'\xe7\x9b\x97\xe5\xa2\x93\xe7\xac\x94\xe8\xae\xb02\xe7\xa7\xa6\xe5\xb2\xad\xe7\xa5\x9e\xe6\xa0\x91',b'\xe4\xba\x91\xe9\xa1\xb6\xe5\xa4\xa9\xe5\xae\xab\xef\xbc\x88\xe4\xb8\x8a\xef\xbc\x89 \xe7\xac\xac\xe5\x8d\x81\xe4\xb8\x89\xe7\xab\xa0 \xe7\xbc\x9d\xe9\x9a\x99\xef\xbc\x88\xe4\xb8\x8a\xef\xbc\x89',b'http://seputu.com/biji2/128.html',b'2012-5-22 22:30:37'
b'\xe7\x9b\x97\xe5\xa2\x93\xe7\xac\x94\xe8\xae\xb02\xe7\xa7\xa6\xe5\xb2\xad\xe7\xa5\x9e\xe6\xa0\x91',b'\xe4\xba\x91\xe9\xa1\xb6\xe5\xa4\xa9\xe5\xae\xab\xef\xbc\x88\xe4\xb8\x8a\xef\xbc\x89 \xe7\xac\xac\xe5\x8d\x81\xe5\x9b\x9b\xe7\xab\xa0 \xe7\xbc\x9d\xe9\x9a\x99\xef\xbc\x88\xe4\xb8\x8b\xef\xbc\x89',b'http://seputu.com/biji2/129.html',b'2012-5-22 22:31:44'
b'\xe7\x9b\x97\xe5\xa2\x93\xe7\xac\x94\xe8\xae\xb02\xe7\xa7\xa6\xe5\xb2\xad\xe7\xa5\x9e\xe6\xa0\x91',b'\xe4\xba\x91\xe9\xa1\xb6\xe5\xa4\xa9\xe5\xae\xab\xef\xbc\x88\xe4\xb8\x8a\xef\xbc\x89 \xe7\xac\xac\xe5\x8d\x81\xe4\xba\x94\xe7\xab\xa0 \xe5\x8f\x8c\xe5\xb1\x82\xe5\xa3\x81\xe7\x94\xbb',b'http://seputu.com/biji2/130.html',b'2012-5-22 22:33:13'
b'\xe7\x9b\x97\xe5\xa2\x93\xe7\xac\x94\xe8\xae\xb03\xe4\xba\x91\xe9\xa1\xb6\xe5\xa4\xa9\xe5\xae\xab',b'\xe4\xba\x91\xe9\xa1\xb6\xe5\xa4\xa9\xe5\xae\xab\xef\xbc\x88\xe4\xb8\x8b\xef\xbc\x89 \xe7\xac\xac\xe4\xb8\x80\xe7\xab\xa0 \xe4\xba\x94\xe5\x9c\xa3\xe9\x9b\xaa\xe5\xb1\xb1',b'http://seputu.com/biji3/131.html',b'2012-5-22 22:34:12'
b'\xe7\x9b\x97\xe5\xa2\x93\xe7\xac\x94\xe8\xae\xb03\xe4\xba\x91\xe9\xa1\xb6\xe5\xa4\xa9\xe5\xae\xab',b'\xe4\xba\x91\xe9\xa1\xb6\xe5\xa4\xa9\xe5\xae\xab\xef\xbc\x88\xe4\xb8\x8b\xef\xbc\x89 \xe7\xac\xac\xe4\xba\x8c\xe7\xab\xa0 \xe8\x87\xaa\xe6\x9d\x80\xe8\xa1\x8c\xe4\xb8\xba',b'http://seputu.com/biji3/132.html',b'2012-5-22 22:35:27'
b'\xe7\x9b\x97\xe5\xa2\x93\xe7\xac\x94\xe8\xae\xb03\xe4\xba\x91\xe9\xa1\xb6\xe5\xa4\xa9\xe5\xae\xab',b'\xe4\xba\x91\xe9\xa1\xb6\xe5\xa4\xa9\xe5\xae\xab\xef\xbc\x88\xe4\xb8\x8b\xef\xbc\x89 \xe7\xac\xac\xe4\xb8\x89\xe7\xab\xa0 \xe9\x9b\xaa\xe5\xb4\xa9',b'http://seputu.com/biji3/133.html',b'2012-5-22 22:36:45'
b'\xe7\x9b\x97\xe5\xa2\x93\xe7\xac\x94\xe8\xae\xb03\xe4\xba\x91\xe9\xa1\xb6\xe5\xa4\xa9\xe5\xae\xab',b'\xe4\xba\x91\xe9\xa1\xb6\xe5\xa4\xa9\xe5\xae\xab\xef\xbc\x88\xe4\xb8\x8b\xef\xbc\x89 \xe7\xac\xac\xe5\x9b\x9b\xe7\xab\xa0 \xe6\x98\x86\xe4\xbb\x91\xe8\x83\x8e',b'http://seputu.com/biji3/134.html',b'2012-5-22 22:37:46'
b'\xe7\x9b\x97\xe5\xa2\x93\xe7\xac\x94\xe8\xae\xb03\xe4\xba\x91\xe9\xa1\xb6\xe5\xa4\xa9\xe5\xae\xab',b'\xe4\xba\x91\xe9\xa1\xb6\xe5\xa4\xa9\xe5\xae\xab\xef\xbc\x88\xe4\xb8\x8b\xef\xbc\x89 \xe7\xac\xac\xe4\xba\x94\xe7\xab\xa0 \xe8\x83\x8e\xe6\xb4\x9e\xe7\x81\xb5\xe5\xae\xab',b'http://seputu.com/biji3/135.html',b'2012-5-22 22:38:48'
b'\xe7\x9b\x97\xe5\xa2\x93\xe7\xac\x94\xe8\xae\xb03\xe4\xba\x91\xe9\xa1\xb6\xe5\xa4\xa9\xe5\xae\xab',b'\xe4\xba\x91\xe9\xa1\xb6\xe5\xa4\xa9\xe5\xae\xab\xef\xbc\x88\xe4\xb8\x8b\xef\xbc\x89 \xe7\xac\xac\xe5\x85\xad\xe7\xab\xa0 \xe7\x81\xb5\xe5\xae\xab\xe5\xa4\xa7\xe6\xae\xbf',b'http://seputu.com/biji3/136.html',b'2012-5-22 22:42:49'
b'\xe7\x9b\x97\xe5\xa2\x93\xe7\xac\x94\xe8\xae\xb03\xe4\xba\x91\xe9\xa1\xb6\xe5\xa4\xa9\xe5\xae\xab',b'\xe4\xba\x91\xe9\xa1\xb6\xe5\xa4\xa9\xe5\xae\xab\xef\xbc\x88\xe4\xb8\x8b\xef\xbc\x89 \xe7\xac\xac\xe4\xb8\x83\xe7\xab\xa0 \xe5\x8d\x9a\xe5\xbc\x88',b'http://seputu.com/biji3/137.html',b'2012-5-22 22:43:55'
b'\xe7\x9b\x97\xe5\xa2\x93\xe7\xac\x94\xe8\xae\xb03\xe4\xba\x91\xe9\xa1\xb6\xe5\xa4\xa9\xe5\xae\xab',b'\xe4\xba\x91\xe9\xa1\xb6\xe5\xa4\xa9\xe5\xae\xab\xef\xbc\x88\xe4\xb8\x8b\xef\xbc\x89 \xe7\xac\xac\xe5\x85\xab\xe7\xab\xa0 \xe9\xaa\x9a\xe5\x8a\xa8',b'http://seputu.com/biji3/138.html',b'2012-5-22 22:44:42'
b'\xe7\x9b\x97\xe5\xa2\x93\xe7\xac\x94\xe8\xae\xb03\xe4\xba\x91\xe9\xa1\xb6\xe5\xa4\xa9\xe5\xae\xab',b'\xe4\xba\x91\xe9\xa1\xb6\xe5\xa4\xa9\xe5\xae\xab\xef\xbc\x88\xe4\xb8\x8b\xef\xbc\x89 \xe7\xac\xac\xe4\xb9\x9d\xe7\xab\xa0 \xe5\xa2\x99\xe4\xb8\xb2\xe5\xad\x90',b'http://seputu.com/biji3/139.html',b'2012-5-22 22:45:28'
b'\xe7\x9b\x97\xe5\xa2\x93\xe7\xac\x94\xe8\xae\xb03\xe4\xba\x91\xe9\xa1\xb6\xe5\xa4\xa9\xe5\xae\xab',b'\xe4\xba\x91\xe9\xa1\xb6\xe5\xa4\xa9\xe5\xae\xab\xef\xbc\x88\xe4\xb8\x8b\xef\xbc\x89 \xe7\xac\xac\xe5\x8d\x81\xe7\xab\xa0 \xe7\x99\xbe\xe8\xb6\xb3\xe9\xbe\x99\xe7\xa5\x9e',b'http://seputu.com/biji3/140.html',b'2012-5-22 22:46:21'
b'\xe7\x9b\x97\xe5\xa2\x93\xe7\xac\x94\xe8\xae\xb03\xe4\xba\x91\xe9\xa1\xb6\xe5\xa4\xa9\xe5\xae\xab',b'\xe4\xba\x91\xe9\xa1\xb6\xe5\xa4\xa9\xe5\xae\xab\xef\xbc\x88\xe4\xb8\x8b\xef\xbc\x89 \xe7\xac\xac\xe5\x8d\x81\xe4\xb8\x80\xe7\xab\xa0 \xe5\xa4\xb9\xe5\xb1\x82',b'http://seputu.com/biji3/141.html',b'2012-5-22 22:47:19'
b'\xe7\x9b\x97\xe5\xa2\x93\xe7\xac\x94\xe8\xae\xb03\xe4\xba\x91\xe9\xa1\xb6\xe5\xa4\xa9\xe5\xae\xab',b'\xe4\xba\x91\xe9\xa1\xb6\xe5\xa4\xa9\xe5\xae\xab\xef\xbc\x88\xe4\xb8\x8b\xef\xbc\x89 \xe7\xac\xac\xe5\x8d\x81\xe4\xba\x8c\xe7\xab\xa0 \xe8\x97\x8f\xe5\xb0\xb8\xe9\x98\x81',b'http://seputu.com/biji3/142.html',b'2012-5-22 22:48:13'
b'\xe7\x9b\x97\xe5\xa2\x93\xe7\xac\x94\xe8\xae\xb04\xe8\x9b\x87\xe6\xb2\xbc\xe9\xac\xbc\xe5\x9f\x8e',b'\xe8\x9b\x87\xe6\xb2\xbc\xe9\xac\xbc\xe5\x9f\x8e\xef\xbc\x88\xe4\xb8\x8a\xef\xbc\x89 \xe7\xac\xac\xe4\xb9\x9d\xe7\xab\xa0 \xe5\xbd\x95\xe5\x83\x8f\xe5\xb8\xa6',b'http://seputu.com/biji4/185.html',b'2012-5-22 23:20:9'
b'\xe7\x9b\x97\xe5\xa2\x93\xe7\xac\x94\xe8\xae\xb04\xe8\x9b\x87\xe6\xb2\xbc\xe9\xac\xbc\xe5\x9f\x8e',b'\xe8\x9b\x87\xe6\xb2\xbc\xe9\xac\xbc\xe5\x9f\x8e\xef\xbc\x88\xe4\xb8\x8a\xef\xbc\x89 \xe7\xac\xac\xe5\x8d\x81\xe7\xab\xa0 \xe8\xa3\x98\xe5\xbe\xb7\xe8\x80\x83',b'http://seputu.com/biji4/186.html',b'2012-5-22 23:20:50'
b'\xe7\x9b\x97\xe5\xa2\x93\xe7\xac\x94\xe8\xae\xb04\xe8\x9b\x87\xe6\xb2\xbc\xe9\xac\xbc\xe5\x9f\x8e',b'\xe8\x9b\x87\xe6\xb2\xbc\xe9\xac\xbc\xe5\x9f\x8e\xef\xbc\x88\xe4\xb8\x8a\xef\xbc\x89 \xe7\xac\xac\xe5\x8d\x81\xe4\xb8\x80\xe7\xab\xa0 \xe9\x9d\x92\xe9\x93\x9c\xe7\x9a\x84\xe4\xb8\xb9\xe7\x82\x89',b'http://seputu.com/biji4/187.html',b'2012-5-22 23:21:20'
b'\xe7\x9b\x97\xe5\xa2\x93\xe7\xac\x94\xe8\xae\xb04\xe8\x9b\x87\xe6\xb2\xbc\xe9\xac\xbc\xe5\x9f\x8e',b'\xe8\x9b\x87\xe6\xb2\xbc\xe9\xac\xbc\xe5\x9f\x8e\xef\xbc\x88\xe4\xb8\x8a\xef\xbc\x89 \xe7\xac\xac\xe5\x8d\x81\xe4\xba\x8c\xe7\xab\xa0 \xe6\x98\x9f\xe7\x9b\x98',b'http://seputu.com/biji4/188.html',b'2012-5-22 23:21:48'
b'\xe7\x9b\x97\xe5\xa2\x93\xe7\xac\x94\xe8\xae\xb04\xe8\x9b\x87\xe6\xb2\xbc\xe9\xac\xbc\xe5\x9f\x8e',b'\xe8\x9b\x87\xe6\xb2\xbc\xe9\xac\xbc\xe5\x9f\x8e\xef\xbc\x88\xe4\xb8\x8a\xef\xbc\x89 \xe7\xac\xac\xe5\x8d\x81\xe4\xb8\x89\xe7\xab\xa0 \xe8\xa5\xbf\xe6\xb2\x99\xe7\x9a\x84\xe7\x9c\x9f\xe7\x9b\xb8',b'http://seputu.com/biji4/189.html',b'2012-5-22 23:29:8'
b'\xe7\x9b\x97\xe5\xa2\x93\xe7\xac\x94\xe8\xae\xb04\xe8\x9b\x87\xe6\xb2\xbc\xe9\xac\xbc\xe5\x9f\x8e',b'\xe8\x9b\x87\xe6\xb2\xbc\xe9\xac\xbc\xe5\x9f\x8e\xef\xbc\x88\xe4\xb8\x8a\xef\xbc\x89 \xe7\xac\xac\xe5\x8d\x81\xe5\x9b\x9b\xe7\xab\xa0 \xe6\xb7\xb1\xe6\xb5\xb7',b'http://seputu.com/biji4/190.html',b'2012-5-22 23:29:42'
b'\xe7\x9b\x97\xe5\xa2\x93\xe7\xac\x94\xe8\xae\xb04\xe8\x9b\x87\xe6\xb2\xbc\xe9\xac\xbc\xe5\x9f\x8e',b'\xe8\x9b\x87\xe6\xb2\xbc\xe9\xac\xbc\xe5\x9f\x8e\xef\xbc\x88\xe4\xb8\x8a\xef\xbc\x89 \xe7\xac\xac\xe5\x8d\x81\xe4\xba\x94\xe7\xab\xa0 \xe6\xb5\xae\xe5\xb0\xb8',b'http://seputu.com/biji4/191.html',b'2012-5-22 23:30:20'
b'\xe7\x9b\x97\xe5\xa2\x93\xe7\xac\x94\xe8\xae\xb04\xe8\x9b\x87\xe6\xb2\xbc\xe9\xac\xbc\xe5\x9f\x8e',b'\xe8\x9b\x87\xe6\xb2\xbc\xe9\xac\xbc\xe5\x9f\x8e\xef\xbc\x88\xe4\xb8\x8a\xef\xbc\x89 \xe7\xac\xac\xe5\x8d\x81\xe5\x85\xad\xe7\xab\xa0 \xe6\xb2\x89\xe8\x88\xb9',b'http://seputu.com/biji4/192.html',b'2012-5-22 23:31:0'
b'\xe7\x9b\x97\xe5\xa2\x93\xe7\xac\x94\xe8\xae\xb04\xe8\x9b\x87\xe6\xb2\xbc\xe9\xac\xbc\xe5\x9f\x8e',b'\xe8\x9b\x87\xe6\xb2\xbc\xe9\xac\xbc\xe5\x9f\x8e\xef\xbc\x88\xe4\xb8\x8a\xef\xbc\x89 \xe7\xac\xac\xe5\x8d\x81\xe4\xb8\x83\xe7\xab\xa0 \xe5\x93\xa8\xe5\xad\x90\xe6\xa3\xba',b'http://seputu.com/biji4/193.html',b'2012-5-22 23:31:29'
b'\xe7\x9b\x97\xe5\xa2\x93\xe7\xac\x94\xe8\xae\xb04\xe8\x9b\x87\xe6\xb2\xbc\xe9\xac\xbc\xe5\x9f\x8e',b'\xe8\x9b\x87\xe6\xb2\xbc\xe9\xac\xbc\xe5\x9f\x8e\xef\xbc\x88\xe4\xb8\x8a\xef\xbc\x89 \xe7\xac\xac\xe5\x8d\x81\xe5\x85\xab\xe7\xab\xa0 \xe5\xb0\xbf',b'http://seputu.com/biji4/194.html',b'2012-5-22 23:32:13'
b'\xe7\x9b\x97\xe5\xa2\x93\xe7\xac\x94\xe8\xae\xb04\xe8\x9b\x87\xe6\xb2\xbc\xe9\xac\xbc\xe5\x9f\x8e',b'\xe8\x9b\x87\xe6\xb2\xbc\xe9\xac\xbc\xe5\x9f\x8e\xef\xbc\x88\xe4\xb8\x8a\xef\xbc\x89 \xe7\xac\xac\xe5\x8d\x81\xe4\xb9\x9d\xe7\xab\xa0 \xe6\x9c\xba\xe5\x85\xb3',b'http://seputu.com/biji4/195.html',b'2012-5-22 23:32:47'
b'\xe7\x9b\x97\xe5\xa2\x93\xe7\xac\x94\xe8\xae\xb04\xe8\x9b\x87\xe6\xb2\xbc\xe9\xac\xbc\xe5\x9f\x8e',b'\xe8\x9b\x87\xe6\xb2\xbc\xe9\xac\xbc\xe5\x9f\x8e\xef\xbc\x88\xe4\xb8\x8a\xef\xbc\x89 \xe7\xac\xac\xe4\xba\x8c\xe5\x8d\x81\xe7\xab\xa0 \xe8\x99\xab\xe8\x84\x91',b'http://seputu.com/biji4/196.html',b'2012-5-22 23:33:39'
b'\xe7\x9b\x97\xe5\xa2\x93\xe7\xac\x94\xe8\xae\xb05\xe8\xb0\x9c\xe6\xb5\xb7\xe5\xbd\x92\xe5\xb7\xa2',b'\xe8\x9b\x87\xe6\xb2\xbc\xe9\xac\xbc\xe5\x9f\x8e\xef\xbc\x88\xe4\xb8\x8b\xef\xbc\x89 \xe7\xac\xac\xe4\xb8\x80\xe7\xab\xa0 \xe8\xbf\xbd\xe5\x87\xbb',b'http://seputu.com/biji5/252.html',b'2012-5-23 15:21:20'
b'\xe7\x9b\x97\xe5\xa2\x93\xe7\xac\x94\xe8\xae\xb05\xe8\xb0\x9c\xe6\xb5\xb7\xe5\xbd\x92\xe5\xb7\xa2',b'\xe8\x9b\x87\xe6\xb2\xbc\xe9\xac\xbc\xe5\x9f\x8e\xef\xbc\x88\xe4\xb8\x8b\xef\xbc\x89 \xe7\xac\xac\xe4\xba\x8c\xe7\xab\xa0 \xe6\xb6\x88\xe5\xa4\xb1\xe4\xba\x86',b'http://seputu.com/biji5/253.html',b'2012-5-23 15:21:53'
b'\xe7\x9b\x97\xe5\xa2\x93\xe7\xac\x94\xe8\xae\xb05\xe8\xb0\x9c\xe6\xb5\xb7\xe5\xbd\x92\xe5\xb7\xa2',b'\xe8\x9b\x87\xe6\xb2\xbc\xe9\xac\xbc\xe5\x9f\x8e\xef\xbc\x88\xe4\xb8\x8b\xef\xbc\x89 \xe7\xac\xac\xe4\xb8\x89\xe7\xab\xa0 \xe4\xbf\xa1\xe5\x8f\xb7\xe7\x83\x9f',b'http://seputu.com/biji5/254.html',b'2012-5-23 15:22:59'
b'\xe7\x9b\x97\xe5\xa2\x93\xe7\xac\x94\xe8\xae\xb05\xe8\xb0\x9c\xe6\xb5\xb7\xe5\xbd\x92\xe5\xb7\xa2',b'\xe8\x9b\x87\xe6\xb2\xbc\xe9\xac\xbc\xe5\x9f\x8e\xef\xbc\x88\xe4\xb8\x8b\xef\xbc\x89 \xe7\xac\xac\xe5\x9b\x9b\xe7\xab\xa0 \xe6\x97\xa0\xe5\xa3\xb0\xe7\x9a\x84\xe5\xb1\xb1\xe8\xb0\xb7',b'http://seputu.com/biji5/255.html',b'2012-5-23 15:23:28'
b'\xe7\x9b\x97\xe5\xa2\x93\xe7\xac\x94\xe8\xae\xb05\xe8\xb0\x9c\xe6\xb5\xb7\xe5\xbd\x92\xe5\xb7\xa2',b'\xe8\x9b\x87\xe6\xb2\xbc\xe9\xac\xbc\xe5\x9f\x8e\xef\xbc\x88\xe4\xb8\x8b\xef\xbc\x89 \xe7\xac\xac\xe4\xba\x94\xe7\xab\xa0 \xe7\x9f\xb3\xe5\x83\x8f',b'http://seputu.com/biji5/256.html',b'2012-5-23 15:24:26'
b'\xe7\x9b\x97\xe5\xa2\x93\xe7\xac\x94\xe8\xae\xb05\xe8\xb0\x9c\xe6\xb5\xb7\xe5\xbd\x92\xe5\xb7\xa2',b'\xe8\x9b\x87\xe6\xb2\xbc\xe9\xac\xbc\xe5\x9f\x8e\xef\xbc\x88\xe4\xb8\x8b\xef\xbc\x89 \xe7\xac\xac\xe5\x85\xad\xe7\xab\xa0 \xe7\x9f\xb3\xe5\x83\x8f\xe7\x9a\x84\xe6\x9c\x9d\xe5\x90\x91',b'http://seputu.com/biji5/257.html',b'2012-5-23 15:25:4'
b'\xe7\x9b\x97\xe5\xa2\x93\xe7\xac\x94\xe8\xae\xb05\xe8\xb0\x9c\xe6\xb5\xb7\xe5\xbd\x92\xe5\xb7\xa2',b'\xe8\x9b\x87\xe6\xb2\xbc\xe9\xac\xbc\xe5\x9f\x8e\xef\xbc\x88\xe4\xb8\x8b\xef\xbc\x89 \xe7\xac\xac\xe4\xb8\x83\xe7\xab\xa0 \xe7\xa0\xb4\xe8\xa3\x82',b'http://seputu.com/biji5/258.html',b'2012-5-23 15:25:33'
b'\xe7\x9b\x97\xe5\xa2\x93\xe7\xac\x94\xe8\xae\xb05\xe8\xb0\x9c\xe6\xb5\xb7\xe5\xbd\x92\xe5\xb7\xa2',b'\xe8\x9b\x87\xe6\xb2\xbc\xe9\xac\xbc\xe5\x9f\x8e\xef\xbc\x88\xe4\xb8\x8b\xef\xbc\x89 \xe7\xac\xac\xe5\x85\xab\xe7\xab\xa0 \xe7\xac\xac\xe4\xb8\x80\xe5\xa4\x9c\xef\xbc\x9a\xe5\xa4\xa7\xe9\x9b\xbe',b'http://seputu.com/biji5/259.html',b'2012-5-23 15:26:6'
b'\xe7\x9b\x97\xe5\xa2\x93\xe7\xac\x94\xe8\xae\xb05\xe8\xb0\x9c\xe6\xb5\xb7\xe5\xbd\x92\xe5\xb7\xa2',b'\xe8\x9b\x87\xe6\xb2\xbc\xe9\xac\xbc\xe5\x9f\x8e\xef\xbc\x88\xe4\xb8\x8b\xef\xbc\x89 \xe7\xac\xac\xe4\xb9\x9d\xe7\xab\xa0 \xe7\xac\xac\xe4\xb8\x80\xe5\xa4\x9c\xef\xbc\x9a\xe6\x89\x8b\xe9\x93\xbe',b'http://seputu.com/biji5/260.html',b'2012-5-23 15:26:37'
b'\xe7\x9b\x97\xe5\xa2\x93\xe7\xac\x94\xe8\xae\xb05\xe8\xb0\x9c\xe6\xb5\xb7\xe5\xbd\x92\xe5\xb7\xa2',b'\xe8\x9b\x87\xe6\xb2\xbc\xe9\xac\xbc\xe5\x9f\x8e\xef\xbc\x88\xe4\xb8\x8b\xef\xbc\x89 \xe7\xac\xac\xe5\x8d\x81\xe7\xab\xa0 \xe7\xac\xac\xe4\xb8\x80\xe5\xa4\x9c\xef\xbc\x9a\xe4\xb8\x9b\xe6\x9e\x97\xe9\xac\xbc\xe5\xa3\xb0',b'http://seputu.com/biji5/261.html',b'2012-5-23 15:27:6'
b'\xe7\x9b\x97\xe5\xa2\x93\xe7\xac\x94\xe8\xae\xb05\xe8\xb0\x9c\xe6\xb5\xb7\xe5\xbd\x92\xe5\xb7\xa2',b'\xe8\x9b\x87\xe6\xb2\xbc\xe9\xac\xbc\xe5\x9f\x8e\xef\xbc\x88\xe4\xb8\x8b\xef\xbc\x89 \xe7\xac\xac\xe5\x8d\x81\xe4\xb8\x80\xe7\xab\xa0 \xe7\xac\xac\xe4\xb8\x80\xe5\xa4\x9c\xef\xbc\x9a\xe9\x80\xbc\xe8\xbf\x91',b'http://seputu.com/biji5/262.html',b'2012-5-23 15:27:41'
b'\xe7\x9b\x97\xe5\xa2\x93\xe7\xac\x94\xe8\xae\xb05\xe8\xb0\x9c\xe6\xb5\xb7\xe5\xbd\x92\xe5\xb7\xa2',b'\xe8\x9b\x87\xe6\xb2\xbc\xe9\xac\xbc\xe5\x9f\x8e\xef\xbc\x88\xe4\xb8\x8b\xef\xbc\x89 \xe7\xac\xac\xe5\x8d\x81\xe4\xba\x8c\xe7\xab\xa0 \xe7\xac\xac\xe4\xb8\x80\xe5\xa4\x9c\xef\xbc\x9a\xe5\x81\xb7\xe8\xa2\xad',b'http://seputu.com/biji5/263.html',b'2012-5-23 15:28:8'
b'\xe7\x9b\x97\xe5\xa2\x93\xe7\xac\x94\xe8\xae\xb06\xe9\x98\xb4\xe5\xb1\xb1\xe5\x8f\xa4\xe6\xa5\xbc',b'\xe9\x98\xb4\xe5\xb1\xb1\xe5\x8f\xa4\xe6\xa5\xbc \xe7\xac\xac\xe4\xb8\x80\xe7\xab\xa0 \xe8\xb5\xb7\xe6\xba\x90',b'http://seputu.com/biji6/326.html',b'2012-5-23 16:34:33'
b'\xe7\x9b\x97\xe5\xa2\x93\xe7\xac\x94\xe8\xae\xb06\xe9\x98\xb4\xe5\xb1\xb1\xe5\x8f\xa4\xe6\xa5\xbc',b'\xe9\x98\xb4\xe5\xb1\xb1\xe5\x8f\xa4\xe6\xa5\xbc \xe7\xac\xac\xe4\xba\x8c\xe7\xab\xa0 \xe5\x8f\xa4\xe6\x80\xaa\xe7\x9a\x84\xe6\x9d\x91\xe5\xad\x90',b'http://seputu.com/biji6/327.html',b'2012-5-23 16:35:38'
b'\xe7\x9b\x97\xe5\xa2\x93\xe7\xac\x94\xe8\xae\xb06\xe9\x98\xb4\xe5\xb1\xb1\xe5\x8f\xa4\xe6\xa5\xbc',b'\xe9\x98\xb4\xe5\xb1\xb1\xe5\x8f\xa4\xe6\xa5\xbc \xe7\xac\xac\xe4\xb8\x89\xe7\xab\xa0 \xe7\x81\xab\xe7\x81\xbe',b'http://seputu.com/biji6/328.html',b'2012-5-23 16:36:28'
b'\xe7\x9b\x97\xe5\xa2\x93\xe7\xac\x94\xe8\xae\xb06\xe9\x98\xb4\xe5\xb1\xb1\xe5\x8f\xa4\xe6\xa5\xbc',b'\xe9\x98\xb4\xe5\xb1\xb1\xe5\x8f\xa4\xe6\xa5\xbc \xe7\xac\xac\xe5\x9b\x9b\xe7\xab\xa0 \xe5\x8f\x98\xe6\x95\x85',b'http://seputu.com/biji6/329.html',b'2012-5-23 16:37:1'
b'\xe7\x9b\x97\xe5\xa2\x93\xe7\xac\x94\xe8\xae\xb06\xe9\x98\xb4\xe5\xb1\xb1\xe5\x8f\xa4\xe6\xa5\xbc',b'\xe9\x98\xb4\xe5\xb1\xb1\xe5\x8f\xa4\xe6\xa5\xbc \xe7\xac\xac\xe4\xba\x94\xe7\xab\xa0 \xe5\xb7\xa1\xe5\xb1\xb1',b'http://seputu.com/biji6/330.html',b'2012-5-23 16:37:37'
b'\xe7\x9b\x97\xe5\xa2\x93\xe7\xac\x94\xe8\xae\xb06\xe9\x98\xb4\xe5\xb1\xb1\xe5\x8f\xa4\xe6\xa5\xbc',b'\xe9\x98\xb4\xe5\xb1\xb1\xe5\x8f\xa4\xe6\xa5\xbc \xe7\xac\xac\xe5\x85\xad\xe7\xab\xa0 \xe6\xb0\xb4\xe7\x89\x9b\xe5\xa4\xb4\xe6\xb2\x9f',b'http://seputu.com/biji6/331.html',b'2012-5-23 16:38:12'
b'\xe7\x9b\x97\xe5\xa2\x93\xe7\xac\x94\xe8\xae\xb06\xe9\x98\xb4\xe5\xb1\xb1\xe5\x8f\xa4\xe6\xa5\xbc',b'\xe9\x98\xb4\xe5\xb1\xb1\xe5\x8f\xa4\xe6\xa5\xbc \xe7\xac\xac\xe4\xb8\x83\xe7\xab\xa0 \xe5\x8f\xa4\xe5\x9d\x9f',b'http://seputu.com/biji6/332.html',b'2012-5-23 16:38:46'
b'\xe7\x9b\x97\xe5\xa2\x93\xe7\xac\x94\xe8\xae\xb06\xe9\x98\xb4\xe5\xb1\xb1\xe5\x8f\xa4\xe6\xa5\xbc',b'\xe9\x98\xb4\xe5\xb1\xb1\xe5\x8f\xa4\xe6\xa5\xbc \xe7\xac\xac\xe5\x85\xab\xe7\xab\xa0 \xe8\x80\x81\xe5\xa4\xb4',b'http://seputu.com/biji6/333.html',b'2012-5-23 16:39:21'
b'\xe7\x9b\x97\xe5\xa2\x93\xe7\xac\x94\xe8\xae\xb06\xe9\x98\xb4\xe5\xb1\xb1\xe5\x8f\xa4\xe6\xa5\xbc',b'\xe9\x98\xb4\xe5\xb1\xb1\xe5\x8f\xa4\xe6\xa5\xbc \xe7\xac\xac\xe4\xb9\x9d\xe7\xab\xa0 \xe7\x9b\x98\xe9\xa9\xac\xe8\x80\x81\xe7\x88\xb9',b'http://seputu.com/biji6/334.html',b'2012-5-23 16:40:5'
b'\xe7\x9b\x97\xe5\xa2\x93\xe7\xac\x94\xe8\xae\xb06\xe9\x98\xb4\xe5\xb1\xb1\xe5\x8f\xa4\xe6\xa5\xbc',b'\xe9\x98\xb4\xe5\xb1\xb1\xe5\x8f\xa4\xe6\xa5\xbc \xe7\xac\xac\xe5\x8d\x81\xe7\xab\xa0 \xe5\x9d\x90\xe4\xb8\x8b\xe6\x9d\xa5\xe8\xb0\x88',b'http://seputu.com/biji6/335.html',b'2012-5-23 16:40:44'
b'\xe7\x9b\x97\xe5\xa2\x93\xe7\xac\x94\xe8\xae\xb06\xe9\x98\xb4\xe5\xb1\xb1\xe5\x8f\xa4\xe6\xa5\xbc',b'\xe9\x98\xb4\xe5\xb1\xb1\xe5\x8f\xa4\xe6\xa5\xbc \xe7\xac\xac\xe5\x8d\x81\xe4\xb8\x80\xe7\xab\xa0 \xe5\x91\xb3\xe9\x81\x93',b'http://seputu.com/biji6/336.html',b'2012-5-23 16:41:17'
b'\xe7\x9b\x97\xe5\xa2\x93\xe7\xac\x94\xe8\xae\xb06\xe9\x98\xb4\xe5\xb1\xb1\xe5\x8f\xa4\xe6\xa5\xbc',b'\xe9\x98\xb4\xe5\xb1\xb1\xe5\x8f\xa4\xe6\xa5\xbc \xe7\xac\xac\xe5\x8d\x81\xe4\xba\x8c\xe7\xab\xa0 \xe7\x9b\x98\xe9\xa9\xac\xe7\x9a\x84\xe5\x9b\x9e\xe5\xbf\x86',b'http://seputu.com/biji6/337.html',b'2012-5-23 16:41:48'
b'\xe7\x9b\x97\xe5\xa2\x93\xe7\xac\x94\xe8\xae\xb07\xe9\x82\x9b\xe7\xac\xbc\xe7\x9f\xb3\xe5\xbd\xb1',b'\xe7\x9b\x97\xe5\xa2\x93\xe7\xac\x94\xe8\xae\xb07 \xe7\xac\xac\xe4\xb8\x80\xe7\xab\xa0 \xe6\x8b\x8d\xe5\x8d\x96',b'http://seputu.com/biji7/388.html',b'2012-5-23 17:57:15'
b'\xe7\x9b\x97\xe5\xa2\x93\xe7\xac\x94\xe8\xae\xb07\xe9\x82\x9b\xe7\xac\xbc\xe7\x9f\xb3\xe5\xbd\xb1',b'\xe7\x9b\x97\xe5\xa2\x93\xe7\xac\x94\xe8\xae\xb07 \xe7\xac\xac\xe4\xba\x8c\xe7\xab\xa0 \xe9\x9c\x8d\xe9\x9c\x8d\xe9\x9c\x8d\xe9\x9c\x8d\xef\xbc\x88\xe4\xb8\x80\xef\xbc\x89',b'http://seputu.com/biji7/389.html',b'2012-5-23 17:57:50'
b'\xe7\x9b\x97\xe5\xa2\x93\xe7\xac\x94\xe8\xae\xb07\xe9\x82\x9b\xe7\xac\xbc\xe7\x9f\xb3\xe5\xbd\xb1',b'\xe7\x9b\x97\xe5\xa2\x93\xe7\xac\x94\xe8\xae\xb07 \xe7\xac\xac\xe4\xba\x8c\xe7\xab\xa0 \xe9\x9c\x8d\xe9\x9c\x8d\xe9\x9c\x8d\xe9\x9c\x8d\xef\xbc\x88\xe4\xba\x8c\xef\xbc\x89',b'http://seputu.com/biji7/390.html',b'2012-5-23 17:58:18'
b'\xe7\x9b\x97\xe5\xa2\x93\xe7\xac\x94\xe8\xae\xb07\xe9\x82\x9b\xe7\xac\xbc\xe7\x9f\xb3\xe5\xbd\xb1',b'\xe7\x9b\x97\xe5\xa2\x93\xe7\xac\x94\xe8\xae\xb07 \xe7\xac\xac\xe4\xb8\x89\xe7\xab\xa0 \xe6\x94\xb6\xe8\x97\x8f\xe7\x95\x8c\xe7\x9a\x84\xe7\x9b\x9b\xe5\xae\xb4',b'http://seputu.com/biji7/391.html',b'2012-5-23 17:58:42'
b'\xe7\x9b\x97\xe5\xa2\x93\xe7\xac\x94\xe8\xae\xb07\xe9\x82\x9b\xe7\xac\xbc\xe7\x9f\xb3\xe5\xbd\xb1',b'\xe7\x9b\x97\xe5\xa2\x93\xe7\xac\x94\xe8\xae\xb07 \xe7\xac\xac\xe5\x9b\x9b\xe7\xab\xa0 \xe5\x9b\x9e\xe5\xbf\x86\xef\xbc\x88\xe4\xb8\x8a\xef\xbc\x89',b'http://seputu.com/biji7/392.html',b'2012-5-23 17:59:24'
b'\xe7\x9b\x97\xe5\xa2\x93\xe7\xac\x94\xe8\xae\xb07\xe9\x82\x9b\xe7\xac\xbc\xe7\x9f\xb3\xe5\xbd\xb1',b'\xe7\x9b\x97\xe5\xa2\x93\xe7\xac\x94\xe8\xae\xb07 \xe7\xac\xac\xe4\xba\x94\xe7\xab\xa0 \xe5\x9b\x9e\xe5\xbf\x86\xef\xbc\x88\xe4\xb8\x8b\xef\xbc\x89',b'http://seputu.com/biji7/393.html',b'2012-5-23 17:59:56'
b'\xe7\x9b\x97\xe5\xa2\x93\xe7\xac\x94\xe8\xae\xb07\xe9\x82\x9b\xe7\xac\xbc\xe7\x9f\xb3\xe5\xbd\xb1',b'\xe7\x9b\x97\xe5\xa2\x93\xe7\xac\x94\xe8\xae\xb07 \xe7\xac\xac\xe5\x85\xad\xe7\xab\xa0 \xe7\x82\xb9\xe5\xa4\xa9\xe7\x81\xaf',b'http://seputu.com/biji7/394.html',b'2012-5-23 18:1:11'
b'\xe7\x9b\x97\xe5\xa2\x93\xe7\xac\x94\xe8\xae\xb07\xe9\x82\x9b\xe7\xac\xbc\xe7\x9f\xb3\xe5\xbd\xb1',b'\xe7\x9b\x97\xe5\xa2\x93\xe7\xac\x94\xe8\xae\xb07 \xe7\xac\xac\xe4\xb8\x83\xe7\xab\xa0 \xe5\xa4\xa7\xe9\x97\xb9\xe5\xa4\xa9\xe5\xae\xab',b'http://seputu.com/biji7/395.html',b'2012-5-23 18:2:10'
b'\xe7\x9b\x97\xe5\xa2\x93\xe7\xac\x94\xe8\xae\xb07\xe9\x82\x9b\xe7\xac\xbc\xe7\x9f\xb3\xe5\xbd\xb1',b'\xe7\x9b\x97\xe5\xa2\x93\xe7\xac\x94\xe8\xae\xb07 \xe7\xac\xac\xe5\x85\xab\xe7\xab\xa0 \xe9\x9c\x8d\xe7\xa7\x80\xe7\xa7\x80',b'http://seputu.com/biji7/396.html',b'2012-5-23 18:2:42'
b'\xe7\x9b\x97\xe5\xa2\x93\xe7\xac\x94\xe8\xae\xb07\xe9\x82\x9b\xe7\xac\xbc\xe7\x9f\xb3\xe5\xbd\xb1',b'\xe7\x9b\x97\xe5\xa2\x93\xe7\xac\x94\xe8\xae\xb07 \xe7\xac\xac\xe4\xb9\x9d\xe7\xab\xa0 \xe6\xa0\xb7\xe5\xbc\x8f\xe9\x9b\xb7\xef\xbc\x88\xe4\xb8\x8a\xef\xbc\x89',b'http://seputu.com/biji7/397.html',b'2012-5-23 18:3:32'
b'\xe7\x9b\x97\xe5\xa2\x93\xe7\xac\x94\xe8\xae\xb07\xe9\x82\x9b\xe7\xac\xbc\xe7\x9f\xb3\xe5\xbd\xb1',b'\xe7\x9b\x97\xe5\xa2\x93\xe7\xac\x94\xe8\xae\xb07 \xe7\xac\xac\xe5\x8d\x81\xe7\xab\xa0 \xe5\xa5\x87\xe6\x80\xaa\xe7\x9a\x84\xe5\xbd\xa2\xe5\xae\xb9',b'http://seputu.com/biji7/398.html',b'2012-5-23 18:4:2'
b'\xe7\x9b\x97\xe5\xa2\x93\xe7\xac\x94\xe8\xae\xb07\xe9\x82\x9b\xe7\xac\xbc\xe7\x9f\xb3\xe5\xbd\xb1',b'\xe7\x9b\x97\xe5\xa2\x93\xe7\xac\x94\xe8\xae\xb07 \xe7\xac\xac\xe5\x8d\x81\xe4\xb8\x80\xe7\xab\xa0 \xe8\x80\x83\xe5\x8f\xa4\xe9\x98\x9f\xe3\x80\x81\xe6\xa5\xbc\xe5\x92\x8c\xe9\x95\x9c\xe5\xad\x90',b'http://seputu.com/biji7/399.html',b'2012-5-23 18:4:29'
b'\xe7\x9b\x97\xe5\xa2\x93\xe7\xac\x94\xe8\xae\xb07\xe9\x82\x9b\xe7\xac\xbc\xe7\x9f\xb3\xe5\xbd\xb1',b'\xe7\x9b\x97\xe5\xa2\x93\xe7\xac\x94\xe8\xae\xb07 \xe7\xac\xac\xe5\x8d\x81\xe4\xba\x8c\xe7\xab\xa0 \xe4\xbc\xbc\xe6\x98\xaf\xe6\x95\x85\xe4\xba\xba\xe6\x9d\xa5',b'http://seputu.com/biji7/400.html',b'2012-5-23 18:4:59'
b'\xe7\x9b\x97\xe5\xa2\x93\xe7\xac\x94\xe8\xae\xb08\xe5\xa4\xa7\xe7\xbb\x93\xe5\xb1\x80',b'\xe7\x9b\x97\xe5\xa2\x93\xe7\xac\x94\xe8\xae\xb08 \xe7\xac\xac\xe4\xb8\x80\xe7\xab\xa0\xef\xbc\x88\xe4\xb8\x80\xef\xbc\x89',b'http://seputu.com/biji8/454.html',b'2012-5-23 18:44:44'
b'\xe7\x9b\x97\xe5\xa2\x93\xe7\xac\x94\xe8\xae\xb08\xe5\xa4\xa7\xe7\xbb\x93\xe5\xb1\x80',b'\xe7\x9b\x97\xe5\xa2\x93\xe7\xac\x94\xe8\xae\xb08 \xe7\xac\xac\xe4\xb8\x80\xe7\xab\xa0\xef\xbc\x88\xe4\xba\x8c\xef\xbc\x89',b'http://seputu.com/biji8/455.html',b'2012-5-23 18:45:21'
b'\xe7\x9b\x97\xe5\xa2\x93\xe7\xac\x94\xe8\xae\xb08\xe5\xa4\xa7\xe7\xbb\x93\xe5\xb1\x80',b'\xe7\x9b\x97\xe5\xa2\x93\xe7\xac\x94\xe8\xae\xb08 \xe7\xac\xac\xe4\xba\x8c\xe7\xab\xa0\xef\xbc\x88\xe4\xb8\x80\xef\xbc\x89',b'http://seputu.com/biji8/456.html',b'2012-5-23 18:45:52'
b'\xe7\x9b\x97\xe5\xa2\x93\xe7\xac\x94\xe8\xae\xb08\xe5\xa4\xa7\xe7\xbb\x93\xe5\xb1\x80',b'\xe7\x9b\x97\xe5\xa2\x93\xe7\xac\x94\xe8\xae\xb08 \xe7\xac\xac\xe4\xba\x8c\xe7\xab\xa0\xef\xbc\x88\xe4\xba\x8c\xef\xbc\x89',b'http://seputu.com/biji8/457.html',b'2012-5-23 18:46:16'
b'\xe7\x9b\x97\xe5\xa2\x93\xe7\xac\x94\xe8\xae\xb08\xe5\xa4\xa7\xe7\xbb\x93\xe5\xb1\x80',b'\xe7\x9b\x97\xe5\xa2\x93\xe7\xac\x94\xe8\xae\xb08 \xe7\xac\xac\xe4\xb8\x89\xe7\xab\xa0\xef\xbc\x88\xe4\xb8\x80\xef\xbc\x89',b'http://seputu.com/biji8/458.html',b'2012-5-23 18:47:5'
b'\xe7\x9b\x97\xe5\xa2\x93\xe7\xac\x94\xe8\xae\xb08\xe5\xa4\xa7\xe7\xbb\x93\xe5\xb1\x80',b'\xe7\x9b\x97\xe5\xa2\x93\xe7\xac\x94\xe8\xae\xb08 \xe7\xac\xac\xe4\xb8\x89\xe7\xab\xa0\xef\xbc\x88\xe4\xba\x8c\xef\xbc\x89',b'http://seputu.com/biji8/459.html',b'2012-5-23 18:47:32'
b'\xe7\x9b\x97\xe5\xa2\x93\xe7\xac\x94\xe8\xae\xb08\xe5\xa4\xa7\xe7\xbb\x93\xe5\xb1\x80',b'\xe7\x9b\x97\xe5\xa2\x93\xe7\xac\x94\xe8\xae\xb08 \xe7\xac\xac\xe5\x9b\x9b\xe7\xab\xa0\xef\xbc\x88\xe4\xb8\x80\xef\xbc\x89',b'http://seputu.com/biji8/460.html',b'2012-5-23 18:47:58'
b'\xe7\x9b\x97\xe5\xa2\x93\xe7\xac\x94\xe8\xae\xb08\xe5\xa4\xa7\xe7\xbb\x93\xe5\xb1\x80',b'\xe7\x9b\x97\xe5\xa2\x93\xe7\xac\x94\xe8\xae\xb08 \xe7\xac\xac\xe5\x9b\x9b\xe7\xab\xa0\xef\xbc\x88\xe4\xba\x8c\xef\xbc\x89',b'http://seputu.com/biji8/461.html',b'2012-5-23 18:48:58'
b'\xe7\x9b\x97\xe5\xa2\x93\xe7\xac\x94\xe8\xae\xb08\xe5\xa4\xa7\xe7\xbb\x93\xe5\xb1\x80',b'\xe7\x9b\x97\xe5\xa2\x93\xe7\xac\x94\xe8\xae\xb08 \xe7\xac\xac\xe4\xba\x94\xe7\xab\xa0\xef\xbc\x88\xe4\xba\x8c\xef\xbc\x89',b'http://seputu.com/biji8/462.html',b'2012-5-23 18:49:36'
b'\xe7\x9b\x97\xe5\xa2\x93\xe7\xac\x94\xe8\xae\xb08\xe5\xa4\xa7\xe7\xbb\x93\xe5\xb1\x80',b'\xe7\x9b\x97\xe5\xa2\x93\xe7\xac\x94\xe8\xae\xb08 \xe7\xac\xac\xe4\xba\x94\xe7\xab\xa0\xef\xbc\x88\xe4\xb8\x80\xef\xbc\x89',b'http://seputu.com/biji8/463.html',b'2012-5-23 18:50:0'
b'\xe7\x9b\x97\xe5\xa2\x93\xe7\xac\x94\xe8\xae\xb08\xe5\xa4\xa7\xe7\xbb\x93\xe5\xb1\x80',b'\xe7\x9b\x97\xe5\xa2\x93\xe7\xac\x94\xe8\xae\xb08 \xe7\xac\xac\xe5\x85\xad\xe7\xab\xa0\xef\xbc\x88\xe4\xb8\x80\xef\xbc\x89',b'http://seputu.com/biji8/464.html',b'2012-5-23 18:50:33'
b'\xe7\x9b\x97\xe5\xa2\x93\xe7\xac\x94\xe8\xae\xb08\xe5\xa4\xa7\xe7\xbb\x93\xe5\xb1\x80',b'\xe7\x9b\x97\xe5\xa2\x93\xe7\xac\x94\xe8\xae\xb08 \xe7\xac\xac\xe5\x85\xad\xe7\xab\xa0\xef\xbc\x88\xe4\xba\x8c\xef\xbc\x89',b'http://seputu.com/biji8/465.html',b'2012-5-23 18:50:58'
b'\xe7\x9b\x97\xe5\xa2\x93\xe7\xac\x94\xe8\xae\xb08\xe5\xa4\xa7\xe7\xbb\x93\xe5\xb1\x80',b'\xe7\x9b\x97\xe5\xa2\x93\xe7\xac\x94\xe8\xae\xb08 \xe7\xac\xac\xe4\xb8\x83\xe7\xab\xa0\xef\xbc\x88\xe4\xb8\x80\xef\xbc\x89',b'http://seputu.com/biji8/466.html',b'2012-5-23 18:52:36'
b'\xe7\x9b\x97\xe5\xa2\x93\xe7\xac\x94\xe8\xae\xb08\xe5\xa4\xa7\xe7\xbb\x93\xe5\xb1\x80',b'\xe7\x9b\x97\xe5\xa2\x93\xe7\xac\x94\xe8\xae\xb08 \xe7\xac\xac\xe4\xb8\x83\xe7\xab\xa0\xef\xbc\x88\xe4\xba\x8c\xef\xbc\x89',b'http://seputu.com/biji8/467.html',b'2012-5-23 18:53:8'
b'\xe7\x9b\x97\xe5\xa2\x93\xe7\xac\x94\xe8\xae\xb08\xe5\xa4\xa7\xe7\xbb\x93\xe5\xb1\x80',b'\xe7\x9b\x97\xe5\xa2\x93\xe7\xac\x94\xe8\xae\xb08 \xe7\xac\xac\xe5\x85\xab\xe7\xab\xa0\xef\xbc\x88\xe4\xb8\x80\xef\xbc\x89',b'http://seputu.com/biji8/468.html',b'2012-5-23 18:53:31'
b'\xe7\x9b\x97\xe5\xa2\x93\xe7\xac\x94\xe8\xae\xb08\xe5\xa4\xa7\xe7\xbb\x93\xe5\xb1\x80',b'\xe7\x9b\x97\xe5\xa2\x93\xe7\xac\x94\xe8\xae\xb08 \xe7\xac\xac\xe5\x85\xab\xe7\xab\xa0\xef\xbc\x88\xe4\xba\x8c\xef\xbc\x89',b'http://seputu.com/biji8/469.html',b'2012-5-23 18:58:22'
b'\xe7\x9b\x97\xe5\xa2\x93\xe7\xac\x94\xe8\xae\xb08\xe5\xa4\xa7\xe7\xbb\x93\xe5\xb1\x80',b'\xe7\x9b\x97\xe5\xa2\x93\xe7\xac\x94\xe8\xae\xb08 \xe7\xac\xac\xe4\xb9\x9d\xe7\xab\xa0\xef\xbc\x88\xe4\xb8\x80\xef\xbc\x89',b'http://seputu.com/biji8/470.html',b'2012-5-23 18:59:31'
b'\xe7\x9b\x97\xe5\xa2\x93\xe7\xac\x94\xe8\xae\xb08\xe5\xa4\xa7\xe7\xbb\x93\xe5\xb1\x80',b'\xe7\x9b\x97\xe5\xa2\x93\xe7\xac\x94\xe8\xae\xb08 \xe7\xac\xac\xe4\xb9\x9d\xe7\xab\xa0\xef\xbc\x88\xe4\xba\x8c\xef\xbc\x89',b'http://seputu.com/biji8/471.html',b'2012-5-23 18:59:51'
b'\xe7\x9b\x97\xe5\xa2\x93\xe7\xac\x94\xe8\xae\xb08\xe5\xa4\xa7\xe7\xbb\x93\xe5\xb1\x80',b'\xe7\x9b\x97\xe5\xa2\x93\xe7\xac\x94\xe8\xae\xb08 \xe7\xac\xac\xe5\x8d\x81\xe7\xab\xa0\xef\xbc\x88\xe4\xb8\x80\xef\xbc\x89',b'http://seputu.com/biji8/472.html',b'2012-5-23 19:0:26'
b'\xe7\x9b\x97\xe5\xa2\x93\xe7\xac\x94\xe8\xae\xb08\xe5\xa4\xa7\xe7\xbb\x93\xe5\xb1\x80',b'\xe7\x9b\x97\xe5\xa2\x93\xe7\xac\x94\xe8\xae\xb08 \xe7\xac\xac\xe5\x8d\x81\xe7\xab\xa0\xef\xbc\x88\xe4\xba\x8c\xef\xbc\x89',b'http://seputu.com/biji8/473.html',b'2012-5-23 19:0:52'
b'\xe7\x9b\x97\xe5\xa2\x93\xe7\xac\x94\xe8\xae\xb08\xe5\xa4\xa7\xe7\xbb\x93\xe5\xb1\x80',b'\xe7\x9b\x97\xe5\xa2\x93\xe7\xac\x94\xe8\xae\xb08 \xe7\xac\xac\xe5\x8d\x81\xe4\xb8\x80\xe7\xab\xa0\xef\xbc\x88\xe4\xb8\x80\xef\xbc\x89',b'http://seputu.com/biji8/474.html',b'2012-5-23 19:1:19'
b'\xe8\x97\x8f\xe6\xb5\xb7\xe8\x8a\xb1\xe5\x9c\xa8\xe7\xba\xbf\xe8\xaf\x95\xe8\xaf\xbb',b'\xe8\x97\x8f\xe6\xb5\xb7\xe8\x8a\xb1 \xe7\xac\xac\xe4\xb8\x80\xe7\xab\xa0 \xe8\xb5\xb7\xe6\xba\x90',b'http://seputu.com/zanghaihua/591.html',b'2014-10-21 12:50:36'
b'\xe8\x97\x8f\xe6\xb5\xb7\xe8\x8a\xb1\xe5\x9c\xa8\xe7\xba\xbf\xe8\xaf\x95\xe8\xaf\xbb',b'\xe8\x97\x8f\xe6\xb5\xb7\xe8\x8a\xb1 \xe7\xac\xac\xe4\xba\x8c\xe7\xab\xa0 \xe7\xac\xac\xe4\xb8\x80\xe4\xbb\xb6\xe6\x80\xaa\xe4\xba\x8b\xef\xbc\x88\xe4\xb8\x8a\xef\xbc\x89',b'http://seputu.com/zanghaihua/592.html',b'2014-10-21 12:50:43'
b'\xe8\x97\x8f\xe6\xb5\xb7\xe8\x8a\xb1\xe5\x9c\xa8\xe7\xba\xbf\xe8\xaf\x95\xe8\xaf\xbb',b'\xe8\x97\x8f\xe6\xb5\xb7\xe8\x8a\xb1 \xe7\xac\xac\xe4\xb8\x89\xe7\xab\xa0 \xe7\xac\xac\xe4\xb8\x80\xe4\xbb\xb6\xe6\x80\xaa\xe4\xba\x8b\xef\xbc\x88\xe4\xb8\x8b\xef\xbc\x89 ',b'http://seputu.com/zanghaihua/593.html',b'2014-10-21 12:50:50'
b'\xe8\x97\x8f\xe6\xb5\xb7\xe8\x8a\xb1\xe5\x9c\xa8\xe7\xba\xbf\xe8\xaf\x95\xe8\xaf\xbb',b'\xe8\x97\x8f\xe6\xb5\xb7\xe8\x8a\xb1 \xe7\xac\xac\xe5\x9b\x9b\xe7\xab\xa0 \xe7\xac\xac\xe4\xba\x8c\xe4\xbb\xb6\xe6\x80\xaa\xe4\xba\x8b',b'http://seputu.com/zanghaihua/594.html',b'2014-10-21 12:50:56'
b'\xe8\x97\x8f\xe6\xb5\xb7\xe8\x8a\xb1\xe5\x9c\xa8\xe7\xba\xbf\xe8\xaf\x95\xe8\xaf\xbb',b'\xe8\x97\x8f\xe6\xb5\xb7\xe8\x8a\xb1 \xe7\xac\xac\xe4\xba\x94\xe7\xab\xa0 \xe8\xbd\xae\xe5\x9b\x9e\xe7\x9a\x84\xe5\xbc\x80\xe7\xab\xaf(1)',b'http://seputu.com/zanghaihua/595.html',b'2014-10-21 12:51:3'
b'\xe8\x97\x8f\xe6\xb5\xb7\xe8\x8a\xb1\xe5\x9c\xa8\xe7\xba\xbf\xe8\xaf\x95\xe8\xaf\xbb',b'\xe8\x97\x8f\xe6\xb5\xb7\xe8\x8a\xb1 \xe7\xac\xac\xe4\xba\x94\xe7\xab\xa0 \xe8\xbd\xae\xe5\x9b\x9e\xe7\x9a\x84\xe5\xbc\x80\xe7\xab\xaf(2) - \xe7\x9b\x97\xe5\xa2\x93\xe7\xac\x94\xe8\xae\xb0',b'http://seputu.com/zanghaihua/596.html',b'2014-10-21 12:51:9'
b'\xe8\x97\x8f\xe6\xb5\xb7\xe8\x8a\xb1\xe5\x9c\xa8\xe7\xba\xbf\xe8\xaf\x95\xe8\xaf\xbb',b'\xe8\x97\x8f\xe6\xb5\xb7\xe8\x8a\xb1 \xe7\xac\xac\xe5\x85\xad\xe7\xab\xa0 \xe5\x91\xbd\xe8\xbf\x90\xe7\x9a\x84\xe9\x87\x8d\xe5\x90\xaf(1) - \xe7\x9b\x97\xe5\xa2\x93\xe7\xac\x94\xe8\xae\xb0',b'http://seputu.com/zanghaihua/597.html',b'2014-10-21 12:51:15'
b'\xe8\x97\x8f\xe6\xb5\xb7\xe8\x8a\xb1\xe5\x9c\xa8\xe7\xba\xbf\xe8\xaf\x95\xe8\xaf\xbb',b'\xe6\x98\x86\xe4\xbb\x91\xe7\x8b\xbc\xe7\xaa\x9f \xe7\xac\xac\xe4\xb8\x80\xe7\xab\xa0 \xe5\xa4\xb1\xe8\xb8\xaa_\xe7\x9b\x97\xe5\xa2\x93\xe7\xac\x94\xe8\xae\xb09\xe5\x9c\xa8\xe7\xba\xbf\xe9\x98\x85\xe8\xaf\xbb_\xe7\x9b\x97\xe5\xa2\x93\xe7\xac\x94\xe8\xae\xb0\xe5\x85\xa8\xe9\x9b\x86',b'http://seputu.com/zanghaihua/704.html',b'2014-10-24 16:26:6'
b'\xe8\x97\x8f\xe6\xb5\xb7\xe8\x8a\xb1\xe5\x9c\xa8\xe7\xba\xbf\xe8\xaf\x95\xe8\xaf\xbb',b'\xe6\x98\x86\xe4\xbb\x91\xe7\x8b\xbc\xe7\xaa\x9f \xe7\xac\xac\xe5\x8d\x81\xe4\xba\x94\xe7\xab\xa0 \xe5\xaf\x86\xe8\xb0\x88_\xe7\x9b\x97\xe5\xa2\x93\xe7\xac\x94\xe8\xae\xb09\xe5\x9c\xa8\xe7\xba\xbf\xe9\x98\x85\xe8\xaf\xbb_\xe7\x9b\x97\xe5\xa2\x93\xe7\xac\x94\xe8\xae\xb0\xe5\x85\xa8\xe9\x9b\x86',b'http://seputu.com/zanghaihua/705.html',b'2014-10-24 16:26:37'
b'\xe8\x97\x8f\xe6\xb5\xb7\xe8\x8a\xb1\xe5\x9c\xa8\xe7\xba\xbf\xe8\xaf\x95\xe8\xaf\xbb',b'\xe6\x98\x86\xe4\xbb\x91\xe7\x8b\xbc\xe7\xaa\x9f \xe7\xac\xac\xe5\x8d\x81\xe5\x85\xad\xe7\xab\xa0 \xe8\xa2\xad\xe5\x87\xbb_\xe7\x9b\x97\xe5\xa2\x93\xe7\xac\x94\xe8\xae\xb09\xe5\x9c\xa8\xe7\xba\xbf\xe9\x98\x85\xe8\xaf\xbb_\xe7\x9b\x97\xe5\xa2\x93\xe7\xac\x94\xe8\xae\xb0\xe5\x85\xa8\xe9\x9b\x86',b'http://seputu.com/zanghaihua/706.html',b'2014-10-24 16:26:45'
b'\xe8\x97\x8f\xe6\xb5\xb7\xe8\x8a\xb1\xe5\x9c\xa8\xe7\xba\xbf\xe8\xaf\x95\xe8\xaf\xbb',b'\xe6\x97\xa0\xe5\xa3\xb0\xe4\xb9\x8b\xe5\x9f\x8e \xe7\xac\xac\xe4\xb8\x80\xe7\xab\xa0 \xe7\xa5\x96\xe5\xae\x85_\xe7\x9b\x97\xe5\xa2\x93\xe7\xac\x94\xe8\xae\xb09\xe5\x9c\xa8\xe7\xba\xbf\xe9\x98\x85\xe8\xaf\xbb_\xe7\x9b\x97\xe5\xa2\x93\xe7\xac\x94\xe8\xae\xb0\xe5\x85\xa8\xe9\x9b\x86',b'http://seputu.com/zanghaihua/777.html',b'2014-10-24 16:36:20'
b'\xe8\x97\x8f\xe6\xb5\xb7\xe8\x8a\xb1\xe5\x9c\xa8\xe7\xba\xbf\xe8\xaf\x95\xe8\xaf\xbb',b'\xe6\x97\xa0\xe5\xa3\xb0\xe4\xb9\x8b\xe5\x9f\x8e \xe7\xac\xac\xe4\xba\x8c\xe7\xab\xa0 \xe5\x87\xba\xe9\x80\x83_\xe7\x9b\x97\xe5\xa2\x93\xe7\xac\x94\xe8\xae\xb09\xe5\x9c\xa8\xe7\xba\xbf\xe9\x98\x85\xe8\xaf\xbb_\xe7\x9b\x97\xe5\xa2\x93\xe7\xac\x94\xe8\xae\xb0\xe5\x85\xa8\xe9\x9b\x86',b'http://seputu.com/zanghaihua/778.html',b'2014-10-24 16:36:27'
b'\xe8\x97\x8f\xe6\xb5\xb7\xe8\x8a\xb1\xe5\x9c\xa8\xe7\xba\xbf\xe8\xaf\x95\xe8\xaf\xbb',b'\xe6\x97\xa0\xe5\xa3\xb0\xe4\xb9\x8b\xe5\x9f\x8e \xe7\xac\xac\xe4\xba\x94\xe7\xab\xa0 \xe5\xbc\xa0\xe5\x8d\x9a\xe5\xa3\xab_\xe7\x9b\x97\xe5\xa2\x93\xe7\xac\x94\xe8\xae\xb09\xe5\x9c\xa8\xe7\xba\xbf\xe9\x98\x85\xe8\xaf\xbb_\xe7\x9b\x97\xe5\xa2\x93\xe7\xac\x94\xe8\xae\xb0\xe5\x85\xa8\xe9\x9b\x86',b'http://seputu.com/zanghaihua/779.html',b'2014-10-24 16:36:36'
b'\xe8\x97\x8f\xe6\xb5\xb7\xe8\x8a\xb1\xe5\x9c\xa8\xe7\xba\xbf\xe8\xaf\x95\xe8\xaf\xbb',b'\xe5\xb7\xab\xe5\xb1\xb1\xe5\xa6\x96\xe6\xa3\xba \xe7\xac\xac\xe4\xb8\x80\xe7\xab\xa0 \xe6\x8e\xa5\xe5\xba\x94\xe9\xa9\xbc\xe9\x98\x9f_\xe7\x9b\x97\xe5\xa2\x93\xe7\xac\x94\xe8\xae\xb09\xe5\x9c\xa8\xe7\xba\xbf\xe9\x98\x85\xe8\xaf\xbb_\xe7\x9b\x97\xe5\xa2\x93\xe7\xac\x94\xe8\xae\xb0\xe5\x85\xa8\xe9\x9b\x86',b'http://seputu.com/zanghaihua/866.html',b'2014-10-24 16:49:3'
b'\xe8\x97\x8f\xe6\xb5\xb7\xe8\x8a\xb1\xe5\x9c\xa8\xe7\xba\xbf\xe8\xaf\x95\xe8\xaf\xbb',b'\xe5\xb7\xab\xe5\xb1\xb1\xe5\xa6\x96\xe6\xa3\xba \xe7\xac\xac\xe4\xba\x8c\xe7\xab\xa0 \xe9\x92\xa5\xe5\x8c\x99_\xe7\x9b\x97\xe5\xa2\x93\xe7\xac\x94\xe8\xae\xb09\xe5\x9c\xa8\xe7\xba\xbf\xe9\x98\x85\xe8\xaf\xbb_\xe7\x9b\x97\xe5\xa2\x93\xe7\xac\x94\xe8\xae\xb0\xe5\x85\xa8\xe9\x9b\x86',b'http://seputu.com/zanghaihua/867.html',b'2014-10-24 16:49:12'
b'\xe8\x97\x8f\xe6\xb5\xb7\xe8\x8a\xb1\xe5\x9c\xa8\xe7\xba\xbf\xe8\xaf\x95\xe8\xaf\xbb',b'\xe5\xb7\xab\xe5\xb1\xb1\xe5\xa6\x96\xe6\xa3\xba \xe7\xac\xac\xe4\xb8\x89\xe7\xab\xa0 \xe6\x9a\x97\xe6\xb5\x81\xe6\xb6\x8c\xe5\x8a\xa8_\xe7\x9b\x97\xe5\xa2\x93\xe7\xac\x94\xe8\xae\xb09\xe5\x9c\xa8\xe7\xba\xbf\xe9\x98\x85\xe8\xaf\xbb_\xe7\x9b\x97\xe5\xa2\x93\xe7\xac\x94\xe8\xae\xb0\xe5\x85\xa8\xe9\x9b\x86',b'http://seputu.com/zanghaihua/868.html',b'2014-10-24 16:49:20'
b'\xe8\x97\x8f\xe6\xb5\xb7\xe8\x8a\xb1\xe5\x9c\xa8\xe7\xba\xbf\xe8\xaf\x95\xe8\xaf\xbb',b'\xe5\xb7\xab\xe5\xb1\xb1\xe5\xa6\x96\xe6\xa3\xba \xe7\xac\xac\xe5\x9b\x9b\xe7\xab\xa0 \xe5\xa4\x9c\xe6\x8e\xa2\xe7\xa5\x96\xe5\xae\x85(\xe4\xb8\x8a)_\xe7\x9b\x97\xe5\xa2\x93\xe7\xac\x94\xe8\xae\xb09\xe5\x9c\xa8\xe7\xba\xbf\xe9\x98\x85\xe8\xaf\xbb_\xe7\x9b\x97\xe5\xa2\x93\xe7\xac\x94\xe8\xae\xb0\xe5\x85\xa8\xe9\x9b\x86',b'http://seputu.com/zanghaihua/869.html',b'2014-10-24 16:49:28'
b'\xe8\x97\x8f\xe6\xb5\xb7\xe8\x8a\xb1\xe5\x9c\xa8\xe7\xba\xbf\xe8\xaf\x95\xe8\xaf\xbb',b'\xe5\xb7\xab\xe5\xb1\xb1\xe5\xa6\x96\xe6\xa3\xba \xe7\xac\xac\xe4\xba\x94\xe7\xab\xa0 \xe5\xa4\x9c\xe6\x8e\xa2\xe7\xa5\x96\xe5\xae\x85(\xe4\xb8\xad)_\xe7\x9b\x97\xe5\xa2\x93\xe7\xac\x94\xe8\xae\xb09\xe5\x9c\xa8\xe7\xba\xbf\xe9\x98\x85\xe8\xaf\xbb_\xe7\x9b\x97\xe5\xa2\x93\xe7\xac\x94\xe8\xae\xb0\xe5\x85\xa8\xe9\x9b\x86',b'http://seputu.com/zanghaihua/870.html',b'2014-10-24 16:49:37'
b'\xe8\x97\x8f\xe6\xb5\xb7\xe8\x8a\xb1\xe5\x9c\xa8\xe7\xba\xbf\xe8\xaf\x95\xe8\xaf\xbb',b'\xe7\x9b\x97\xe5\xa2\x93\xe7\xac\x94\xe8\xae\xb09\xe5\xa4\xa7\xe7\xbb\x93\xe5\xb1\x80 \xe7\xac\xac\xe4\xba\x8c\xe7\xab\xa0',b'http://seputu.com/zanghaihua/948.html',b'2014-10-24 17:1:37'
b'\xe7\x9b\x97\xe5\xa2\x93\xe7\xac\x94\xe8\xae\xb0 \xe8\xb4\xba\xe5\xb2\x81\xe7\xaf\x87',b'\xe5\x8d\x97\xe6\xb4\xbe\xe4\xb8\x89\xe5\x8f\x94-\xe5\x8d\x97\xe6\xb4\xbe\xe4\xb8\x89\xe5\x8f\x94\xe4\xbd\x9c\xe5\x93\x81',b'http://seputu.com/hesui/553.html',b'2012-5-23 20:48:33'
b'\xe7\x9b\x97\xe5\xa2\x93\xe7\xac\x94\xe8\xae\xb0 \xe8\xb4\xba\xe5\xb2\x81\xe7\xaf\x87',b'\xe7\x9b\x97\xe5\xa2\x93\xe7\xac\x94\xe8\xae\xb0 \xe8\xb4\xba\xe5\xb2\x81\xe7\xaf\x87 \xe8\xb5\xb7\xe6\xba\x90',b'http://seputu.com/hesui/554.html',b'2012-5-23 20:54:38'
b'\xe7\x9b\x97\xe5\xa2\x93\xe7\xac\x94\xe8\xae\xb0 \xe8\xb4\xba\xe5\xb2\x81\xe7\xaf\x87',b'\xe7\x9b\x97\xe5\xa2\x93\xe7\xac\x94\xe8\xae\xb0 \xe8\xb4\xba\xe5\xb2\x81\xe7\xaf\x87 \xe6\xa3\xba\xe6\x9d\x90',b'http://seputu.com/hesui/555.html',b'2012-5-23 20:55:48'
b'\xe7\x9b\x97\xe5\xa2\x93\xe7\xac\x94\xe8\xae\xb0 \xe8\xb4\xba\xe5\xb2\x81\xe7\xaf\x87',b'\xe7\x9b\x97\xe5\xa2\x93\xe7\xac\x94\xe8\xae\xb0 \xe8\xb4\xba\xe5\xb2\x81\xe7\xaf\x87 \xe5\xbe\x80\xe4\xba\x8b',b'http://seputu.com/hesui/556.html',b'2012-5-23 20:56:23'
b'\xe7\x9b\x97\xe5\xa2\x93\xe7\xac\x94\xe8\xae\xb0 \xe8\xb4\xba\xe5\xb2\x81\xe7\xaf\x87',b'\xe7\x9b\x97\xe5\xa2\x93\xe7\xac\x94\xe8\xae\xb0 \xe8\xb4\xba\xe5\xb2\x81\xe7\xaf\x87 \xe7\xa7\xbb\xe6\xa3\xba',b'http://seputu.com/hesui/557.html',b'2012-5-23 20:56:51'
b'\xe7\x9b\x97\xe5\xa2\x93\xe7\xac\x94\xe8\xae\xb0 \xe8\xb4\xba\xe5\xb2\x81\xe7\xaf\x87',b'\xe7\x9b\x97\xe5\xa2\x93\xe7\xac\x94\xe8\xae\xb0 \xe8\xb4\xba\xe5\xb2\x81\xe7\xaf\x87 \xe9\x94\x99\xe8\xaf\xaf',b'http://seputu.com/hesui/558.html',b'2012-5-23 20:57:24'
b'\xe7\x9b\x97\xe5\xa2\x93\xe7\xac\x94\xe8\xae\xb0 \xe8\xb4\xba\xe5\xb2\x81\xe7\xaf\x87',b'\xe7\x9b\x97\xe5\xa2\x93\xe7\xac\x94\xe8\xae\xb0 \xe8\xb4\xba\xe5\xb2\x81\xe7\xaf\x87 \xe5\xbc\x80\xe6\xa3\xba',b'http://seputu.com/hesui/559.html',b'2012-5-23 20:57:57'
b'\xe7\x9b\x97\xe5\xa2\x93\xe7\xac\x94\xe8\xae\xb0 \xe8\xb4\xba\xe5\xb2\x81\xe7\xaf\x87',b'\xe7\x9b\x97\xe5\xa2\x93\xe7\xac\x94\xe8\xae\xb0 \xe8\xb4\xba\xe5\xb2\x81\xe7\xaf\x87 \xe4\xb9\xbe\xe5\x9d\xa4',b'http://seputu.com/hesui/560.html',b'2012-5-23 20:58:23'
b'\xe7\x9b\x97\xe5\xa2\x93\xe7\xac\x94\xe8\xae\xb0 \xe8\xb4\xba\xe5\xb2\x81\xe7\xaf\x87',b'\xe7\x9b\x97\xe5\xa2\x93\xe7\xac\x94\xe8\xae\xb0 \xe8\xb4\xba\xe5\xb2\x81\xe7\xaf\x87 \xe9\x87\x8c\xe9\x9d\xa2',b'http://seputu.com/hesui/561.html',b'2012-5-23 20:58:54'
b'\xe7\x9b\x97\xe5\xa2\x93\xe7\xac\x94\xe8\xae\xb0 \xe8\xb4\xba\xe5\xb2\x81\xe7\xaf\x87',b'\xe7\x9b\x97\xe5\xa2\x93\xe7\xac\x94\xe8\xae\xb0 \xe8\xb4\xba\xe5\xb2\x81\xe7\xaf\x87 \xe9\xbb\x91\xe6\xb0\xb4',b'http://seputu.com/hesui/562.html',b'2012-5-23 20:59:18'
b'\xe7\x9b\x97\xe5\xa2\x93\xe7\xac\x94\xe8\xae\xb0 \xe8\xb4\xba\xe5\xb2\x81\xe7\xaf\x87',b'\xe7\x9b\x97\xe5\xa2\x93\xe7\xac\x94\xe8\xae\xb0 \xe8\xb4\xba\xe5\xb2\x81\xe7\xaf\x87 \xe6\xb7\xb1\xe6\xb8\x8a',b'http://seputu.com/hesui/563.html',b'2012-5-23 20:59:43'
b'\xe7\x9b\x97\xe5\xa2\x93\xe7\xac\x94\xe8\xae\xb0 \xe8\xb4\xba\xe5\xb2\x81\xe7\xaf\x87',b'\xe7\x9b\x97\xe5\xa2\x93\xe7\xac\x94\xe8\xae\xb0 \xe8\xb4\xba\xe5\xb2\x81\xe7\xaf\x87 \xe8\x9e\xba\xe8\x9b\xb3',b'http://seputu.com/hesui/564.html',b'2012-5-23 21:0:6'
b'\xe7\x9b\x97\xe5\xa2\x93\xe7\xac\x94\xe8\xae\xb0 \xe8\xb4\xba\xe5\xb2\x81\xe7\xaf\x87',b'\xe7\x9b\x97\xe5\xa2\x93\xe7\xac\x94\xe8\xae\xb0 \xe8\xb4\xba\xe5\xb2\x81\xe7\xaf\x87 \xe5\x95\x86\xe9\x87\x8f',b'http://seputu.com/hesui/565.html',b'2012-5-23 21:0:33'
b'\xe7\x9b\x97\xe5\xa2\x93\xe7\xac\x94\xe8\xae\xb0 \xe8\xb4\xba\xe5\xb2\x81\xe7\xaf\x87',b'\xe7\x9b\x97\xe5\xa2\x93\xe7\xac\x94\xe8\xae\xb0 \xe8\xb4\xba\xe5\xb2\x81\xe7\xaf\x87 \xe5\xb0\x8f\xe6\xba\xaa',b'http://seputu.com/hesui/566.html',b'2012-5-23 21:1:10'
b'\xe7\x9b\x97\xe5\xa2\x93\xe7\xac\x94\xe8\xae\xb0 \xe8\xb4\xba\xe5\xb2\x81\xe7\xaf\x87',b'\xe7\x9b\x97\xe5\xa2\x93\xe7\xac\x94\xe8\xae\xb0 \xe8\xb4\xba\xe5\xb2\x81\xe7\xaf\x87 \xe5\xbd\xb1\xe5\xad\x90',b'http://seputu.com/hesui/567.html',b'2012-5-23 21:1:37'
b'\xe7\x9b\x97\xe5\xa2\x93\xe7\xac\x94\xe8\xae\xb0 \xe8\xb4\xba\xe5\xb2\x81\xe7\xaf\x87',b'\xe7\x9b\x97\xe5\xa2\x93\xe7\xac\x94\xe8\xae\xb0 \xe8\xb4\xba\xe5\xb2\x81\xe7\xaf\x87 \xe6\x9d\x80\xe6\x9d\x80',b'http://seputu.com/hesui/568.html',b'2012-5-23 21:2:7'
b'\xe7\x9b\x97\xe5\xa2\x93\xe7\xac\x94\xe8\xae\xb0 \xe8\xb4\xba\xe5\xb2\x81\xe7\xaf\x87',b'\xe7\x9b\x97\xe5\xa2\x93\xe7\xac\x94\xe8\xae\xb0 \xe8\xb4\xba\xe5\xb2\x81\xe7\xaf\x87 \xe7\xaa\xa5\xe6\x8e\xa2',b'http://seputu.com/hesui/569.html',b'2012-5-23 21:2:40'
b'\xe7\x9b\x97\xe5\xa2\x93\xe7\xac\x94\xe8\xae\xb0 \xe8\xb4\xba\xe5\xb2\x81\xe7\xaf\x87',b'\xe7\x9b\x97\xe5\xa2\x93\xe7\xac\x94\xe8\xae\xb0 \xe8\xb4\xba\xe5\xb2\x81\xe7\xaf\x87 \xe4\xba\x8c\xe5\x8f\x94',b'http://seputu.com/hesui/570.html',b'2012-5-23 21:4:3'
b'\xe7\x9b\x97\xe5\xa2\x93\xe7\xac\x94\xe8\xae\xb0 \xe8\xb4\xba\xe5\xb2\x81\xe7\xaf\x87',b'\xe7\x9b\x97\xe5\xa2\x93\xe7\xac\x94\xe8\xae\xb0 \xe8\xb4\xba\xe5\xb2\x81\xe7\xaf\x87 \xe9\x98\xbf\xe7\x90\xb4',b'http://seputu.com/hesui/571.html',b'2012-5-23 21:4:37'
b'\xe7\x9b\x97\xe5\xa2\x93\xe7\xac\x94\xe8\xae\xb0 \xe8\xb4\xba\xe5\xb2\x81\xe7\xaf\x87',b'\xe7\x9b\x97\xe5\xa2\x93\xe7\xac\x94\xe8\xae\xb0 \xe8\xb4\xba\xe5\xb2\x81\xe7\xaf\x87 \xe4\xbc\xa0\xe8\xaf\xb4',b'http://seputu.com/hesui/572.html',b'2012-5-23 21:6:11'
b'\xe7\x9b\x97\xe5\xa2\x93\xe7\xac\x94\xe8\xae\xb0 \xe8\xb4\xba\xe5\xb2\x81\xe7\xaf\x87',b'\xe7\x9b\x97\xe5\xa2\x93\xe7\xac\x94\xe8\xae\xb0 \xe8\xb4\xba\xe5\xb2\x81\xe7\xaf\x87 \xe7\x9f\xb3\xe7\x81\xb0',b'http://seputu.com/hesui/573.html',b'2012-5-23 21:6:50'
b'\xe7\x9b\x97\xe5\xa2\x93\xe7\xac\x94\xe8\xae\xb0 \xe8\xb4\xba\xe5\xb2\x81\xe7\xaf\x87',b'\xe7\x9b\x97\xe5\xa2\x93\xe7\xac\x94\xe8\xae\xb0 \xe8\xb4\xba\xe5\xb2\x81\xe7\xaf\x87 \xe6\x97\x8f\xe8\xb0\xb1',b'http://seputu.com/hesui/574.html',b'2012-5-23 21:7:29'
b'\xe7\x9b\x97\xe5\xa2\x93\xe7\xac\x94\xe8\xae\xb0 \xe8\xb4\xba\xe5\xb2\x81\xe7\xaf\x87',b'\xe7\x9b\x97\xe5\xa2\x93\xe7\xac\x94\xe8\xae\xb0 \xe8\xb4\xba\xe5\xb2\x81\xe7\xaf\x87 \xe5\xae\x89\xe6\xb0\x8f',b'http://seputu.com/hesui/575.html',b'2012-5-23 21:8:18'
b'\xe7\x9b\x97\xe5\xa2\x93\xe7\xac\x94\xe8\xae\xb0 \xe8\xb4\xba\xe5\xb2\x81\xe7\xaf\x87',b'\xe7\x9b\x97\xe5\xa2\x93\xe7\xac\x94\xe8\xae\xb0 \xe8\xb4\xba\xe5\xb2\x81\xe7\xaf\x87 \xe5\xa4\xa7\xe9\x9b\xa8',b'http://seputu.com/hesui/576.html',b'2012-5-23 21:9:35'
b'\xe7\x9b\x97\xe5\xa2\x93\xe7\xac\x94\xe8\xae\xb0 \xe8\xb4\xba\xe5\xb2\x81\xe7\xaf\x87',b'\xe7\x9b\x97\xe5\xa2\x93\xe7\xac\x94\xe8\xae\xb0 \xe8\xb4\xba\xe5\xb2\x81\xe7\xaf\x87 \xe7\x89\xa9\xe4\xbd\x93',b'http://seputu.com/hesui/577.html',b'2012-5-23 21:10:15'
b'\xe7\x9b\x97\xe5\xa2\x93\xe7\xac\x94\xe8\xae\xb0 \xe8\xb4\xba\xe5\xb2\x81\xe7\xaf\x87',b'\xe7\x9b\x97\xe5\xa2\x93\xe7\xac\x94\xe8\xae\xb0 \xe8\xb4\xba\xe5\xb2\x81\xe7\xaf\x87 \xe6\xad\xbb\xe4\xba\xa1',b'http://seputu.com/hesui/578.html',b'2012-5-23 21:11:56'
b'\xe7\x9b\x97\xe5\xa2\x93\xe7\xac\x94\xe8\xae\xb0 \xe8\xb4\xba\xe5\xb2\x81\xe7\xaf\x87',b'\xe7\x9b\x97\xe5\xa2\x93\xe7\xac\x94\xe8\xae\xb0 \xe8\xb4\xba\xe5\xb2\x81\xe7\xaf\x87 \xe7\x9b\xae\xe7\x9a\x84',b'http://seputu.com/hesui/579.html',b'2012-5-23 21:12:54'
b'\xe7\x9b\x97\xe5\xa2\x93\xe7\xac\x94\xe8\xae\xb0 \xe8\xb4\xba\xe5\xb2\x81\xe7\xaf\x87',b'\xe7\x9b\x97\xe5\xa2\x93\xe7\xac\x94\xe8\xae\xb0 \xe8\xb4\xba\xe5\xb2\x81\xe7\xaf\x87 \xe8\xae\xbe\xe5\xb1\x80',b'http://seputu.com/hesui/580.html',b'2012-5-23 21:13:46'
b'\xe7\x9b\x97\xe5\xa2\x93\xe7\xac\x94\xe8\xae\xb0 \xe8\xb4\xba\xe5\xb2\x81\xe7\xaf\x87',b'\xe7\x9b\x97\xe5\xa2\x93\xe7\xac\x94\xe8\xae\xb0 \xe8\xb4\xba\xe5\xb2\x81\xe7\xaf\x87 \xe7\x8c\x8e\xe7\x89\xa9',b'http://seputu.com/hesui/581.html',b'2012-5-23 21:14:15'
b'\xe7\x9b\x97\xe5\xa2\x93\xe7\xac\x94\xe8\xae\xb0 \xe8\xb4\xba\xe5\xb2\x81\xe7\xaf\x87',b'\xe7\x9b\x97\xe5\xa2\x93\xe7\xac\x94\xe8\xae\xb0 \xe8\xb4\xba\xe5\xb2\x81\xe7\xaf\x87 \xe7\x9c\x9f\xe7\x9b\xb8',b'http://seputu.com/hesui/582.html',b'2012-5-23 21:14:42'
b'\xe7\x9b\x97\xe5\xa2\x93\xe7\xac\x94\xe8\xae\xb0 \xe8\xb4\xba\xe5\xb2\x81\xe7\xaf\x87',b'\xe7\x9b\x97\xe5\xa2\x93\xe7\xac\x94\xe8\xae\xb0 \xe8\xb4\xba\xe5\xb2\x81\xe7\xaf\x87 \xe7\xa7\x98\xe5\xaf\x86',b'http://seputu.com/hesui/583.html',b'2012-5-23 21:15:9'
b'\xe7\x9b\x97\xe5\xa2\x93\xe7\xac\x94\xe8\xae\xb0 \xe8\xb4\xba\xe5\xb2\x81\xe7\xaf\x87',b'\xe7\x9b\x97\xe5\xa2\x93\xe7\xac\x94\xe8\xae\xb0 \xe8\xb4\xba\xe5\xb2\x81\xe7\xaf\x87 \xe5\xb0\xbe\xe5\xa3\xb0',b'http://seputu.com/hesui/584.html',b'2012-5-23 21:15:35'
b'\xe7\x9b\x97\xe5\xa2\x93\xe7\xac\x94\xe8\xae\xb0 \xe8\xb4\xba\xe5\xb2\x81\xe7\xaf\x87',b'\xe7\x9b\x97\xe5\xa2\x93\xe7\xac\x94\xe8\xae\xb0 \xe8\xb4\xba\xe5\xb2\x81\xe7\xaf\x87 \xe5\x90\x8e\xe8\xae\xb0',b'http://seputu.com/hesui/585.html',b'2012-5-23 21:16:9'
b'\xe7\x9b\x97\xe5\xa2\x93\xe7\xac\x94\xe8\xae\xb0 \xe8\xb4\xba\xe5\xb2\x81\xe7\xaf\x87',b'\xe3\x80\x8a\xe7\x9b\x97\xe5\xa2\x93\xe7\xac\x94\xe8\xae\xb0\xe3\x80\x8b\xe7\x94\xb5\xe8\xa7\x86\xe5\x89\xa7\xe5\x90\xaf\xe5\x8a\xa8 \xe5\x90\xb4\xe7\xa7\x80\xe6\xb3\xa2\xe9\x99\x88\xe5\x9d\xa4\xe7\x96\x91\xe5\xb0\x86\xe5\x8f\x82\xe6\xbc\x94',b'http://seputu.com/hesui/586.html',b'2013-8-31 18:49:42'
b'\xe7\x9b\x97\xe5\xa2\x93\xe7\xac\x94\xe8\xae\xb0 \xe8\xb4\xba\xe5\xb2\x81\xe7\xaf\x87',b'\xe7\x9b\x97\xe5\xa2\x93\xe7\xac\x94\xe8\xae\xb0\xe7\x94\xb5\xe8\xa7\x86\xe5\x89\xa7\xe6\x9d\xa5\xe4\xba\x86\xef\xbc\x81\xe8\x83\xa1\xe6\xad\x8c\xe6\xbc\x94\xe7\x94\xb7\xe4\xb8\xbb\xe8\xa7\x92',b'http://seputu.com/hesui/587.html',b'2013-8-31 18:51:28'
b'\xe7\x9b\x97\xe5\xa2\x93\xe7\xac\x94\xe8\xae\xb0 \xe8\xb4\xba\xe5\xb2\x81\xe7\xaf\x87',b'\xe3\x80\x90\xe6\x9c\x80\xe7\x82\xab\xe7\x9b\x97\xe5\xa2\x93\xe9\xa3\x8e\xe3\x80\x91\xe7\x9b\x97\xe5\xa2\x93\xe7\xac\x94\xe8\xae\xb0X\xe6\x9c\x80\xe7\x82\xab\xe6\xb0\x91\xe6\x97\x8f\xe9\xa3\x8eX\xe7\x88\xb1\xe6\x9d\x80\xe5\xae\x9d\xe8\xb4\x9dED.',b'http://seputu.com/hesui/588.html',b'2013-8-31 18:54:42'
b'\xe7\x9b\x97\xe5\xa2\x93\xe7\xac\x94\xe8\xae\xb0 \xe8\xb4\xba\xe5\xb2\x81\xe7\xaf\x87',b'\xe3\x80\x8a\xe7\x9b\x97\xe5\xa2\x93\xe7\xac\x94\xe8\xae\xb0\xe3\x80\x8b\xe5\xb8\xa6\xe4\xbd\xa0\xe6\x8e\xa2\xe5\xaf\xbb\xe4\xba\x91\xe9\xa1\xb6\xe5\xa4\xa9\xe5\xae\xab',b'http://seputu.com/hesui/589.html',b'2013-8-31 19:4:40'
b'\xe7\x9b\x97\xe5\xa2\x93\xe7\xac\x94\xe8\xae\xb0 \xe8\xb4\xba\xe5\xb2\x81\xe7\xaf\x87',b'\xe3\x80\x8a\xe7\x9b\x97\xe5\xa2\x93\xe7\xac\x94\xe8\xae\xb0\xe3\x80\x8b\xe7\x94\xb5\xe5\xbd\xb1\xe7\x89\x88\xe4\xba\xba\xe7\x89\xa9\xe8\xa1\xa8',b'http://seputu.com/hesui/590.html',b'2013-8-31 19:10:18'
b'\xe7\x9b\x97\xe5\xa2\x93\xe7\xac\x94\xe8\xae\xb0 \xe8\xb4\xba\xe5\xb2\x81\xe7\xaf\x87',b'\xe3\x80\x8a\xe7\x9b\x97\xe5\xa2\x93\xe7\xac\x94\xe8\xae\xb0\xe3\x80\x8b\xe4\xb8\xad\xe7\x9c\x9f\xe5\xae\x9e\xe5\xad\x98\xe5\x9c\xa8\xe7\x9a\x8427\xe4\xbb\xb6\xe5\xa5\x87\xe8\x91\xa9\xe7\x89\xa9',b'http://seputu.com/hesui/990.html',b'2015-7-12 9:59:22'
b'\xe7\x9b\x97\xe5\xa2\x93\xe7\xac\x94\xe8\xae\xb0 \xe8\xb4\xba\xe5\xb2\x81\xe7\xaf\x87',b'\xe5\x8f\xa4\xe4\xbb\xa3\xe4\xba\xba\xe7\x9a\x84\xe2\x80\x9c\xe7\x9b\x97\xe5\xa2\x93\xe7\xac\x94\xe8\xae\xb0\xe2\x80\x9d',b'http://seputu.com/hesui/991.html',b'2015-7-12 12:34:54'
b'\xe7\x9b\x97\xe5\xa2\x93\xe7\xac\x94\xe8\xae\xb0 \xe8\xb4\xba\xe5\xb2\x81\xe7\xaf\x87',b'\xe3\x80\x8a\xe7\x9b\x97\xe5\xa2\x93\xe7\xac\x94\xe8\xae\xb0\xe3\x80\x8b\xe7\x83\x82\xe6\x88\x90\xe6\xb8\xa3http://seputu.com/\xe7\xa7\xa6\xe5\xb2\xad\xe7\xa5\x9e\xe6\xa0\x91',b'http://seputu.com/hesui/992.html',b'2015-7-25 16:41:39'
b'\xe7\x9b\x97\xe5\xa2\x93\xe7\xac\x94\xe8\xae\xb0 \xe8\xb4\xba\xe5\xb2\x81\xe7\xaf\x87',b'\xe7\x9b\x97\xe5\xa2\x93\xe7\xac\x94\xe8\xae\xb0\xef\xbc\x88\xe5\x8f\xa6\xe7\xb1\xbb\xef\xbc\x89.mp3',b'http://seputu.com/hesui/993.html',b'2015-12-31 18:26:5'
b'\xe7\x9b\x97\xe5\xa2\x93\xe7\xac\x94\xe8\xae\xb0\xe9\x87\x8d\xe5\x90\xaf',b'\xe7\x9b\x97\xe5\xa2\x93\xe7\xac\x94\xe8\xae\xb0\xe9\x87\x8d\xe5\x90\xaf  \xe7\xac\xac\xe4\xb8\x80\xe7\xab\xa0 \xe5\x8d\x97\xe4\xba\xac\xe5\x82\xa8\xe7\x89\xa9\xe6\x9f\x9c',b'http://seputu.com/daomubijichongqi/994.html',b'2017-12-12 17:33:49'
b'\xe7\x9b\x97\xe5\xa2\x93\xe7\xac\x94\xe8\xae\xb0\xe9\x87\x8d\xe5\x90\xaf',b'\xe7\x9b\x97\xe5\xa2\x93\xe7\xac\x94\xe8\xae\xb0\xe9\x87\x8d\xe5\x90\xaf \xc2\xb7\xe7\xac\xac\xe4\xba\x8c\xe7\xab\xa0 \xe5\xba\x9f\xe5\xbc\x83\xe7\x9a\x84\xe6\xb0\x94\xe8\xb1\xa1\xe7\xab\x99',b'http://seputu.com/daomubijichongqi/996.html',b'2017-12-12 19:12:59'
b'\xe7\x9b\x97\xe5\xa2\x93\xe7\xac\x94\xe8\xae\xb0\xe9\x87\x8d\xe5\x90\xaf',b'\xe7\x9b\x97\xe5\xa2\x93\xe7\xac\x94\xe8\xae\xb0\xe9\x87\x8d\xe5\x90\xaf \xe7\xac\xac\xe4\xb8\x89\xe7\xab\xa0 \xe4\xb8\x89\xe5\x8f\x94\xe7\x9a\x84\xe5\xb0\xb8\xe4\xbd\x93',b'http://seputu.com/daomubijichongqi/997.html',b'2017-12-12 19:14:39'
b'\xe7\x9b\x97\xe5\xa2\x93\xe7\xac\x94\xe8\xae\xb0\xe9\x87\x8d\xe5\x90\xaf',b'\xe7\x9b\x97\xe5\xa2\x93\xe7\xac\x94\xe8\xae\xb0\xe9\x87\x8d\xe5\x90\xaf  \xe7\xac\xac\xe5\x9b\x9b\xe7\xab\xa0 \xe9\x9b\xb7\xe5\xa3\xb0',b'http://seputu.com/daomubijichongqi/998.html',b'2017-12-12 19:16:8'
b'\xe7\x9b\x97\xe5\xa2\x93\xe7\xac\x94\xe8\xae\xb0\xe9\x87\x8d\xe5\x90\xaf',b'\xe7\x9b\x97\xe5\xa2\x93\xe7\xac\x94\xe8\xae\xb0\xe9\x87\x8d\xe5\x90\xaf \xe7\xac\xac\xe4\xba\x94\xe7\xab\xa0 \xe6\x9d\xa8\xe5\xa4\xa7\xe5\xb9\xbf',b'http://seputu.com/daomubijichongqi/999.html',b'2017-12-14 15:53:37'
b'\xe7\x9b\x97\xe5\xa2\x93\xe7\xac\x94\xe8\xae\xb0\xe9\x87\x8d\xe5\x90\xaf',b'\xe7\x9b\x97\xe5\xa2\x93\xe7\xac\x94\xe8\xae\xb0\xe9\x87\x8d\xe5\x90\xaf \xe7\xac\xac\xe5\x85\xad\xe7\xab\xa0 \xe5\x90\xac\xe9\x9b\xb7\xe8\x80\x85',b'http://seputu.com/daomubijichongqi/1000.html',b'2017-12-14 15:57:8'
b'\xe7\x9b\x97\xe5\xa2\x93\xe7\xac\x94\xe8\xae\xb0\xe9\x87\x8d\xe5\x90\xaf',b'\xe7\x9b\x97\xe5\xa2\x93\xe7\xac\x94\xe8\xae\xb0\xe5\x85\xa8\xe9\x9b\x86(\xe5\x91\xa8\xe5\xbb\xba\xe9\xbe\x99\xe7\x89\x88\xef\xbc\x89 \xef\xbc\x88\xe5\x85\xa8\xe9\x9b\x86 \xe5\x85\xb1314\xe9\x9b\x86\xef\xbc\x89',b'http://seputu.com/daomubijichongqi/1001.html',b'2018-5-6 14:23:57'
